FlightDate,Reporting_Airline,Tail_Number,Flight_Number_Reporting_Airline,Origin,Dest,CRSDepTime,DepTime,CRSArrTime,ArrTime,Cancelled,CancellationCode,DepDelay,ArrDelay,CRSElapsedTime
2024-01-08,WN,N700WN,1000,MDW,ATL,0600,0614,0745,0759,0,,14,14,105
2024-01-08,WN,N700WN,1001,ATL,MDW,0815,0815,1000,1000,0,,0,0,105
2024-01-08,WN,N700WN,1002,MDW,DEN,1030,1031,1250,1251,0,,1,1,140
2024-01-08,WN,N700WN,1003,DEN,MDW,1320,1333,1540,1553,0,,13,13,140
2024-01-08,WN,N700WN,1004,MDW,BNA,1610,1610,1730,1730,0,,0,0,80
2024-01-08,WN,N700WN,1005,BNA,MDW,1800,1813,1920,1933,0,,13,13,80
2024-01-08,WN,N701WN,1010,MDW,LAS,0645,0645,1010,1010,0,,0,0,205
2024-01-08,WN,N701WN,1011,LAS,MDW,1040,1040,1405,1405,0,,0,0,205
2024-01-08,WN,N701WN,1012,MDW,DAL,1435,1444,1625,1634,0,,9,9,110
2024-01-08,WN,N701WN,1013,DAL,MDW,1655,1718,1845,1908,0,,23,23,110
2024-01-08,WN,N701WN,1014,MDW,ATL,1915,1916,2100,2101,0,,1,1,105
2024-01-08,WN,N701WN,1015,ATL,MDW,2130,2211,2315,2356,0,,41,41,105
2024-01-08,WN,N702WN,1020,MDW,STL,0545,0558,0650,0703,0,,13,13,65
2024-01-08,WN,N702WN,1021,STL,MDW,0720,0810,0825,0915,0,,50,50,65
2024-01-08,WN,N702WN,1022,MDW,STL,0855,0855,1000,1000,0,,0,0,65
2024-01-08,WN,N702WN,1023,STL,MDW,1030,1030,1135,1135,0,,0,0,65
2024-01-08,WN,N702WN,1024,MDW,LAS,1205,1205,1530,1530,0,,0,0,205
2024-01-08,WN,N702WN,1025,LAS,MDW,1600,1613,1925,1938,0,,13,13,205
2024-01-08,WN,N703WN,1030,MDW,DEN,0700,0748,0920,1008,0,,48,48,140
2024-01-08,WN,N703WN,1031,DEN,MDW,0950,0950,1210,1210,0,,0,0,140
2024-01-08,WN,N703WN,1032,MDW,PHX,1240,1311,1555,1626,0,,31,31,195
2024-01-08,WN,N703WN,1033,PHX,MDW,1625,1654,1940,2009,0,,29,29,195
2024-01-08,WN,N703WN,1034,MDW,PHX,2010,2023,2325,2338,0,,13,13,195
2024-01-08,WN,N703WN,1035,PHX,MDW,2355,0011,0310,0326,0,,16,16,195
2024-01-08,WN,N704WN,1040,MDW,STL,0630,0648,0735,0753,0,,18,18,65
2024-01-08,WN,N704WN,1041,STL,MDW,0805,0805,0910,0910,0,,0,0,65
2024-01-08,WN,N704WN,1042,MDW,BNA,0940,0949,1100,1109,0,,9,9,80
2024-01-08,WN,N704WN,1043,BNA,MDW,1130,1131,1250,1251,0,,1,1,80
2024-01-08,WN,N704WN,1044,MDW,DAL,1320,1325,1510,1515,0,,5,5,110
2024-01-08,WN,N704WN,1045,DAL,MDW,1540,1547,1730,1737,0,,7,7,110
2024-01-08,WN,N705WN,1050,MDW,DAL,0545,0545,0735,0735,0,,0,0,110
2024-01-08,WN,N705WN,1051,DAL,MDW,0805,0805,0955,0955,0,,0,0,110
2024-01-08,WN,N705WN,1052,MDW,STL,1025,1043,1130,1148,0,,18,18,65
2024-01-08,WN,N705WN,1053,STL,MDW,1200,1233,1305,1338,0,,33,33,65
2024-01-08,WN,N705WN,1054,MDW,DEN,1335,1335,1555,1555,0,,0,0,140
2024-01-08,WN,N705WN,1055,DEN,MDW,1625,1625,1845,1845,0,,0,0,140
2024-01-08,WN,N706WN,1060,MDW,DEN,0630,0646,0850,0906,0,,16,16,140
2024-01-08,WN,N706WN,1061,DEN,MDW,0920,0935,1140,1155,0,,15,15,140
2024-01-08,WN,N706WN,1062,MDW,MCI,1210,1234,1335,1359,0,,24,24,85
2024-01-08,WN,N706WN,1063,MCI,MDW,1405,1429,1530,1554,0,,24,24,85
2024-01-08,WN,N706WN,1064,MDW,DAL,1600,1623,1750,1813,0,,23,23,110
2024-01-08,WN,N706WN,1065,DAL,MDW,1820,1829,2010,2019,0,,9,9,110
2024-01-08,WN,N707WN,1070,MDW,DAL,0700,0702,0850,0852,0,,2,2,110
2024-01-08,WN,N707WN,1071,DAL,MDW,0920,0949,1110,1139,0,,29,29,110
2024-01-08,WN,N707WN,1072,MDW,DAL,1140,1209,1330,1359,0,,29,29,110
2024-01-08,WN,N707WN,1073,DAL,MDW,1400,1417,1550,1607,0,,17,17,110
2024-01-08,WN,N707WN,1074,MDW,ATL,1620,1641,1805,1826,0,,21,21,105
2024-01-08,WN,N707WN,1075,ATL,MDW,1835,1835,2020,2020,0,,0,0,105
2024-01-08,WN,N708WN,1080,MDW,MCI,0715,0759,0840,0924,0,,44,44,85
2024-01-08,WN,N708WN,1081,MCI,MDW,0910,0921,1035,1046,0,,11,11,85
2024-01-08,WN,N708WN,1082,MDW,LAS,1105,1121,1430,1446,0,,16,16,205
2024-01-08,WN,N708WN,1083,LAS,MDW,1500,1525,1825,1850,0,,25,25,205
2024-01-08,WN,N708WN,1084,MDW,DAL,1855,,2045,,1,C,,,110
2024-01-08,WN,N708WN,1085,DAL,MDW,2115,2138,2305,2328,0,,23,23,110
2024-01-08,WN,N709WN,1090,MDW,LAS,0545,0645,0910,1010,0,,60,60,205
2024-01-08,WN,N709WN,1091,LAS,MDW,0940,0953,1305,1318,0,,13,13,205
2024-01-08,WN,N709WN,1092,MDW,PHX,1335,1335,1650,1650,0,,0,0,195
2024-01-08,WN,N709WN,1093,PHX,MDW,1720,1727,2035,2042,0,,7,7,195
2024-01-08,WN,N709WN,1094,MDW,BNA,2105,2115,2225,2235,0,,10,10,80
2024-01-08,WN,N709WN,1095,BNA,MDW,2255,2255,0015,0015,0,,0,0,80
2024-01-08,WN,N710WN,1100,MDW,BNA,0630,0713,0750,0833,0,,43,43,80
2024-01-08,WN,N710WN,1101,BNA,MDW,0820,0830,0940,0950,0,,10,10,80
2024-01-08,WN,N710WN,1102,MDW,DEN,1010,1025,1230,1245,0,,15,15,140
2024-01-08,WN,N710WN,1103,DEN,MDW,1300,1300,1520,1520,0,,0,0,140
2024-01-08,WN,N710WN,1104,MDW,BNA,1550,1626,1710,1746,0,,36,36,80
2024-01-08,WN,N710WN,1105,BNA,MDW,1740,1749,1900,1909,0,,9,9,80
2024-01-08,WN,N711WN,1110,MDW,LAS,0645,0651,1010,1016,0,,6,6,205
2024-01-08,WN,N711WN,1111,LAS,MDW,1040,1040,1405,1405,0,,0,0,205
2024-01-08,WN,N711WN,1112,MDW,PHX,1435,1453,1750,1808,0,,18,18,195
2024-01-08,WN,N711WN,1113,PHX,MDW,1820,1855,2135,2210,0,,35,35,195
2024-01-08,WN,N711WN,1114,MDW,ATL,2205,2205,2350,2350,0,,0,0,105
2024-01-08,WN,N711WN,1115,ATL,MDW,0020,0020,0205,0205,0,,0,0,105
2024-01-08,WN,N712WN,1120,MDW,BNA,0600,0600,0720,0720,0,,0,0,80
2024-01-08,WN,N712WN,1121,BNA,MDW,0750,0750,0910,0910,0,,0,0,80
2024-01-08,WN,N712WN,1122,MDW,LAS,0940,0951,1305,1316,0,,11,11,205
2024-01-08,WN,N712WN,1123,LAS,MDW,1335,1335,1700,1700,0,,0,0,205
2024-01-08,WN,N712WN,1124,MDW,DAL,1730,1730,1920,1920,0,,0,0,110
2024-01-08,WN,N712WN,1125,DAL,MDW,1950,1950,2140,2140,0,,0,0,110
2024-01-08,WN,N713WN,1130,MDW,ATL,0615,0620,0800,0805,0,,5,5,105
2024-01-08,WN,N713WN,1131,ATL,MDW,0830,0850,1015,1035,0,,20,20,105
2024-01-08,WN,N713WN,1132,MDW,ATL,1045,1049,1230,1234,0,,4,4,105
2024-01-08,WN,N713WN,1133,ATL,MDW,1300,1347,1445,1532,0,,47,47,105
2024-01-08,WN,N713WN,1134,MDW,DEN,1515,1515,1735,1735,0,,0,0,140
2024-01-08,WN,N713WN,1135,DEN,MDW,1805,1817,2025,2037,0,,12,12,140
2024-01-08,WN,N714WN,1140,MDW,ATL,0600,0600,0745,0745,0,,0,0,105
2024-01-08,WN,N714WN,1141,ATL,MDW,0815,0849,1000,1034,0,,34,34,105
2024-01-08,WN,N714WN,1142,MDW,STL,1030,1038,1135,1143,0,,8,8,65
2024-01-08,WN,N714WN,1143,STL,MDW,1205,1238,1310,1343,0,,33,33,65
2024-01-08,WN,N714WN,1144,MDW,DAL,1340,1340,1530,1530,0,,0,0,110
2024-01-08,WN,N714WN,1145,DAL,MDW,1600,1601,1750,1751,0,,1,1,110
2024-01-08,WN,N715WN,1150,MDW,DEN,0700,0700,0920,0920,0,,0,0,140
2024-01-08,WN,N715WN,1151,DEN,MDW,0950,1003,1210,1223,0,,13,13,140
2024-01-08,WN,N715WN,1152,MDW,DEN,1240,1240,1500,1500,0,,0,0,140
2024-01-08,WN,N715WN,1153,DEN,MDW,1530,1556,1750,1816,0,,26,26,140
2024-01-08,WN,N715WN,1154,MDW,BNA,1820,1845,1940,2005,0,,25,25,80
2024-01-08,WN,N715WN,1155,BNA,MDW,2010,2022,2130,2142,0,,12,12,80
2024-01-08,WN,N716WN,1160,MDW,MCI,0545,0545,0710,0710,0,,0,0,85
2024-01-08,WN,N716WN,1161,MCI,MDW,0740,0754,0905,0919,0,,14,14,85
2024-01-08,WN,N716WN,1162,MDW,MCI,0935,1002,1100,1127,0,,27,27,85
2024-01-08,WN,N716WN,1163,MCI,MDW,1130,1144,1255,1309,0,,14,14,85
2024-01-08,WN,N716WN,1164,MDW,MCI,1325,1326,1450,1451,0,,1,1,85
2024-01-08,WN,N716WN,1165,MCI,MDW,1520,1520,1645,1645,0,,0,0,85
2024-01-08,WN,N717WN,1170,MDW,DEN,0630,0631,0850,0851,0,,1,1,140
2024-01-08,WN,N717WN,1171,DEN,MDW,0920,0944,1140,1204,0,,24,24,140
2024-01-08,WN,N717WN,1172,MDW,DEN,1210,1240,1430,1500,0,,30,30,140
2024-01-08,WN,N717WN,1173,DEN,MDW,1500,1520,1720,1740,0,,20,20,140
2024-01-08,WN,N717WN,1174,MDW,DAL,1750,1750,1940,1940,0,,0,0,110
2024-01-08,WN,N717WN,1175,DAL,MDW,2010,2010,2200,2200,0,,0,0,110
2024-01-08,WN,N718WN,1180,MDW,BNA,0615,0620,0735,0740,0,,5,5,80
2024-01-08,WN,N718WN,1181,BNA,MDW,0805,0846,0925,1006,0,,41,41,80
2024-01-08,WN,N718WN,1182,MDW,DEN,0955,1012,1215,1232,0,,17,17,140
2024-01-08,WN,N718WN,1183,DEN,MDW,1245,1245,1505,1505,0,,0,0,140
2024-01-08,WN,N718WN,1184,MDW,ATL,1535,1535,1720,1720,0,,0,0,105
2024-01-08,WN,N718WN,1185,ATL,MDW,1750,1809,1935,1954,0,,19,19,105
2024-01-08,WN,N719WN,1190,MDW,PHX,0715,0721,1030,1036,0,,6,6,195
2024-01-08,WN,N719WN,1191,PHX,MDW,1100,1105,1415,1420,0,,5,5,195
2024-01-08,WN,N719WN,1192,MDW,BNA,1445,1445,1605,1605,0,,0,0,80
2024-01-08,WN,N719WN,1193,BNA,MDW,1635,1700,1755,1820,0,,25,25,80
2024-01-08,WN,N719WN,1194,MDW,LAS,1825,1837,2150,2202,0,,12,12,205
2024-01-08,WN,N719WN,1195,LAS,MDW,2220,2220,0145,0145,0,,0,0,205
2024-01-08,WN,N720WN,1200,MDW,LAS,0545,0547,0910,0912,0,,2,2,205
2024-01-08,WN,N720WN,1201,LAS,MDW,0940,0950,1305,1315,0,,10,10,205
2024-01-08,WN,N720WN,1202,MDW,MCI,1335,1335,1500,1500,0,,0,0,85
2024-01-08,WN,N720WN,1203,MCI,MDW,1530,1533,1655,1658,0,,3,3,85
2024-01-08,WN,N720WN,1204,MDW,MCI,1725,1737,1850,1902,0,,12,12,85
2024-01-08,WN,N720WN,1205,MCI,MDW,1920,1920,2045,2045,0,,0,0,85
2024-01-08,WN,N721WN,1210,MDW,BNA,0630,0630,0750,0750,0,,0,0,80
2024-01-08,WN,N721WN,1211,BNA,MDW,0820,0833,0940,0953,0,,13,13,80
2024-01-08,WN,N721WN,1212,MDW,LAS,1010,1010,1335,1335,0,,0,0,205
2024-01-08,WN,N721WN,1213,LAS,MDW,1405,1406,1730,1731,0,,1,1,205
2024-01-08,WN,N721WN,1214,MDW,STL,1800,1801,1905,1906,0,,1,1,65
2024-01-08,WN,N721WN,1215,STL,MDW,1935,1948,2040,2053,0,,13,13,65
2024-01-09,WN,N700WN,1000,MDW,DAL,0530,0554,0720,0744,0,,24,24,110
2024-01-09,WN,N700WN,1001,DAL,MDW,0750,0750,0940,0940,0,,0,0,110
2024-01-09,WN,N700WN,1002,MDW,PHX,1010,1030,1325,1345,0,,20,20,195
2024-01-09,WN,N700WN,1003,PHX,MDW,1355,1355,1710,1710,0,,0,0,195
2024-01-09,WN,N700WN,1004,MDW,DEN,1740,1740,2000,2000,0,,0,0,140
2024-01-09,WN,N700WN,1005,DEN,MDW,2030,2119,2250,2339,0,,49,49,140
2024-01-09,WN,N701WN,1010,MDW,DEN,0715,0738,0935,0958,0,,23,23,140
2024-01-09,WN,N701WN,1011,DEN,MDW,1005,1034,1225,1254,0,,29,29,140
2024-01-09,WN,N701WN,1012,MDW,DEN,1255,1301,1515,1521,0,,6,6,140
2024-01-09,WN,N701WN,1013,DEN,MDW,1545,1551,1805,1811,0,,6,6,140
2024-01-09,WN,N701WN,1014,MDW,ATL,1835,1853,2020,2038,0,,18,18,105
2024-01-09,WN,N701WN,1015,ATL,MDW,2050,2109,2235,2254,0,,19,19,105
2024-01-09,WN,N702WN,1020,MDW,LAS,0600,0615,0925,0940,0,,15,15,205
2024-01-09,WN,N702WN,1021,LAS,MDW,0955,1003,1320,1328,0,,8,8,205
2024-01-09,WN,N702WN,1022,MDW,STL,1350,1354,1455,1459,0,,4,4,65
2024-01-09,WN,N702WN,1023,STL,MDW,1525,1528,1630,1633,0,,3,3,65
2024-01-09,WN,N702WN,1024,MDW,BNA,1700,1733,1820,1853,0,,33,33,80
2024-01-09,WN,N702WN,1025,BNA,MDW,1850,1908,2010,2028,0,,18,18,80
2024-01-09,WN,N703WN,1030,MDW,PHX,0630,0638,0945,0953,0,,8,8,195
2024-01-09,WN,N703WN,1031,PHX,MDW,1015,1016,1330,1331,0,,1,1,195
2024-01-09,WN,N703WN,1032,MDW,PHX,1400,1448,1715,1803,0,,48,48,195
2024-01-09,WN,N703WN,1033,PHX,MDW,1745,1822,2100,2137,0,,37,37,195
2024-01-09,WN,N703WN,1034,MDW,ATL,2130,2130,2315,2315,0,,0,0,105
2024-01-09,WN,N703WN,1035,ATL,MDW,2345,0018,0130,0203,0,,33,33,105
2024-01-09,WN,N704WN,1040,MDW,STL,0545,0545,0650,0650,0,,0,0,65
2024-01-09,WN,N704WN,1041,STL,MDW,0720,0720,0825,0825,0,,0,0,65
2024-01-09,WN,N704WN,1042,MDW,STL,0855,0904,1000,1009,0,,9,9,65
2024-01-09,WN,N704WN,1043,STL,MDW,1030,1138,1135,1243,0,,68,68,65
2024-01-09,WN,N704WN,1044,MDW,STL,1205,1205,1310,1310,0,,0,0,65
2024-01-09,WN,N704WN,1045,STL,MDW,1340,1349,1445,1454,0,,9,9,65
2024-01-09,WN,N705WN,1050,MDW,DAL,0545,0615,0735,0805,0,,30,30,110
2024-01-09,WN,N705WN,1051,DAL,MDW,0805,0827,0955,1017,0,,22,22,110
2024-01-09,WN,N705WN,1052,MDW,BNA,1025,1025,1145,1145,0,,0,0,80
2024-01-09,WN,N705WN,1053,BNA,MDW,1215,1238,1335,1358,0,,23,23,80
2024-01-09,WN,N705WN,1054,MDW,BNA,1405,1405,1525,1525,0,,0,0,80
2024-01-09,WN,N705WN,1055,BNA,MDW,1555,1555,1715,1715,0,,0,0,80
2024-01-09,WN,N706WN,1060,MDW,MCI,0615,0615,0740,0740,0,,0,0,85
2024-01-09,WN,N706WN,1061,MCI,MDW,0810,0910,0935,1035,0,,60,60,85
2024-01-09,WN,N706WN,1062,MDW,BNA,1005,1005,1125,1125,0,,0,0,80
2024-01-09,WN,N706WN,1063,BNA,MDW,1155,1155,1315,1315,0,,0,0,80
2024-01-09,WN,N706WN,1064,MDW,DAL,1345,1356,1535,1546,0,,11,11,110
2024-01-09,WN,N706WN,1065,DAL,MDW,1605,1605,1755,1755,0,,0,0,110
2024-01-09,WN,N707WN,1070,MDW,STL,0600,0651,0705,0756,0,,51,51,65
2024-01-09,WN,N707WN,1071,STL,MDW,0735,0743,0840,0848,0,,8,8,65
2024-01-09,WN,N707WN,1072,MDW,STL,0910,0945,1015,1050,0,,35,35,65
2024-01-09,WN,N707WN,1073,STL,MDW,1045,1113,1150,1218,0,,28,28,65
2024-01-09,WN,N707WN,1074,MDW,ATL,1220,1244,1405,1429,0,,24,24,105
2024-01-09,WN,N707WN,1075,ATL,MDW,1435,1435,1620,1620,0,,0,0,105
2024-01-09,WN,N708WN,1080,MDW,ATL,0645,0700,0830,0845,0,,15,15,105
2024-01-09,WN,N708WN,1081,ATL,MDW,0900,0900,1045,1045,0,,0,0,105
2024-01-09,WN,N708WN,1082,MDW,MCI,1115,1115,1240,1240,0,,0,0,85
2024-01-09,WN,N708WN,1083,MCI,MDW,1310,1314,1435,1439,0,,4,4,85
2024-01-09,WN,N708WN,1084,MDW,LAS,1505,1505,1830,1830,0,,0,0,205
2024-01-09,WN,N708WN,1085,LAS,MDW,1900,2005,2225,2330,0,,65,65,205
2024-01-09,WN,N709WN,1090,MDW,DEN,0530,0530,0750,0750,0,,0,0,140
2024-01-09,WN,N709WN,1091,DEN,MDW,0820,0828,1040,1048,0,,8,8,140
2024-01-09,WN,N709WN,1092,MDW,ATL,1110,,1255,,1,A,,,105
2024-01-09,WN,N709WN,1093,ATL,MDW,1325,1327,1510,1512,0,,2,2,105
2024-01-09,WN,N709WN,1094,MDW,DAL,1540,1600,1730,1750,0,,20,20,110
2024-01-09,WN,N709WN,1095,DAL,MDW,1800,1807,1950,1957,0,,7,7,110
2024-01-09,WN,N710WN,1100,MDW,PHX,0615,0615,0930,0930,0,,0,0,195
2024-01-09,WN,N710WN,1101,PHX,MDW,1000,1004,1315,1319,0,,4,4,195
2024-01-09,WN,N710WN,1102,MDW,ATL,1345,1357,1530,1542,0,,12,12,105
2024-01-09,WN,N710WN,1103,ATL,MDW,1600,1624,1745,1809,0,,24,24,105
2024-01-09,WN,N710WN,1104,MDW,ATL,1815,1815,2000,2000,0,,0,0,105
2024-01-09,WN,N710WN,1105,ATL,MDW,2030,2030,2215,2215,0,,0,0,105
2024-01-09,WN,N711WN,1110,MDW,LAS,0715,0723,1040,1048,0,,8,8,205
2024-01-09,WN,N711WN,1111,LAS,MDW,1110,1110,1435,1435,0,,0,0,205
2024-01-09,WN,N711WN,1112,MDW,PHX,1505,1512,1820,1827,0,,7,7,195
2024-01-09,WN,N711WN,1113,PHX,MDW,1850,1907,2205,2222,0,,17,17,195
2024-01-09,WN,N711WN,1114,MDW,DEN,2235,2243,0055,0103,0,,8,8,140
2024-01-09,WN,N711WN,1115,DEN,MDW,0125,0125,0345,0345,0,,0,0,140
2024-01-09,WN,N712WN,1120,MDW,DAL,0615,0639,0805,0829,0,,24,24,110
2024-01-09,WN,N712WN,1121,DAL,MDW,0835,0848,1025,1038,0,,13,13,110
2024-01-09,WN,N712WN,1122,MDW,PHX,1055,1103,1410,1418,0,,8,8,195
2024-01-09,WN,N712WN,1123,PHX,MDW,1440,1530,1755,1845,0,,50,50,195
2024-01-09,WN,N712WN,1124,MDW,STL,1825,1855,1930,2000,0,,30,30,65
2024-01-09,WN,N712WN,1125,STL,MDW,2000,2019,2105,2124,0,,19,19,65
2024-01-09,WN,N713WN,1130,MDW,MCI,0545,0545,0710,0710,0,,0,0,85
2024-01-09,WN,N713WN,1131,MCI,MDW,0740,0740,0905,0905,0,,0,0,85
2024-01-09,WN,N713WN,1132,MDW,MCI,0935,1017,1100,1142,0,,42,42,85
2024-01-09,WN,N713WN,1133,MCI,MDW,1130,1130,1255,1255,0,,0,0,85
2024-01-09,WN,N713WN,1134,MDW,MCI,1325,1402,1450,1527,0,,37,37,85
2024-01-09,WN,N713WN,1135,MCI,MDW,1520,1520,1645,1645,0,,0,0,85
2024-01-09,WN,N714WN,1140,MDW,PHX,0600,0610,0915,0925,0,,10,10,195
2024-01-09,WN,N714WN,1141,PHX,MDW,0945,1011,1300,1326,0,,26,26,195
2024-01-09,WN,N714WN,1142,MDW,ATL,1330,1406,1515,1551,0,,36,36,105
2024-01-09,WN,N714WN,1143,ATL,MDW,1545,1607,1730,1752,0,,22,22,105
2024-01-09,WN,N714WN,1144,MDW,MCI,1800,1840,1925,2005,0,,40,40,85
2024-01-09,WN,N714WN,1145,MCI,MDW,1955,2006,2120,2131,0,,11,11,85
2024-01-09,WN,N715WN,1150,MDW,MCI,0545,0545,0710,0710,0,,0,0,85
2024-01-09,WN,N715WN,1151,MCI,MDW,0740,0806,0905,0931,0,,26,26,85
2024-01-09,WN,N715WN,1152,MDW,PHX,0935,1029,1250,1344,0,,54,54,195
2024-01-09,WN,N715WN,1153,PHX,MDW,1320,1356,1635,1711,0,,36,36,195
2024-01-09,WN,N715WN,1154,MDW,STL,1705,1714,1810,1819,0,,9,9,65
2024-01-09,WN,N715WN,1155,STL,MDW,1840,1910,1945,2015,0,,30,30,65
2024-01-09,WN,N716WN,1160,MDW,LAS,0545,0651,0910,1016,0,,66,66,205
2024-01-09,WN,N716WN,1161,LAS,MDW,0940,1003,1305,1328,0,,23,23,205
2024-01-09,WN,N716WN,1162,MDW,DAL,1335,1342,1525,1532,0,,7,7,110
2024-01-09,WN,N716WN,1163,DAL,MDW,1555,1627,1745,1817,0,,32,32,110
2024-01-09,WN,N716WN,1164,MDW,DEN,1815,1828,2035,2048,0,,13,13,140
2024-01-09,WN,N716WN,1165,DEN,MDW,2105,2105,2325,2325,0,,0,0,140
2024-01-09,WN,N717WN,1170,MDW,STL,0600,0626,0705,0731,0,,26,26,65
2024-01-09,WN,N717WN,1171,STL,MDW,0735,0735,0840,0840,0,,0,0,65
2024-01-09,WN,N717WN,1172,MDW,LAS,0910,0931,1235,1256,0,,21,21,205
2024-01-09,WN,N717WN,1173,LAS,MDW,1305,1305,1630,1630,0,,0,0,205
2024-01-09,WN,N717WN,1174,MDW,PHX,1700,1747,2015,2102,0,,47,47,195
2024-01-09,WN,N717WN,1175,PHX,MDW,2045,2045,0000,0000,0,,0,0,195
2024-01-09,WN,N718WN,1180,MDW,DEN,0715,0715,0935,0935,0,,0,0,140
2024-01-09,WN,N718WN,1181,DEN,MDW,1005,1010,1225,1230,0,,5,5,140
2024-01-09,WN,N718WN,1182,MDW,LAS,1255,1255,1620,1620,0,,0,0,205
2024-01-09,WN,N718WN,1183,LAS,MDW,1650,1650,2015,2015,0,,0,0,205
2024-01-09,WN,N718WN,1184,MDW,DEN,2045,2115,2305,2335,0,,30,30,140
2024-01-09,WN,N718WN,1185,DEN,MDW,2335,2335,0155,0155,0,,0,0,140
2024-01-09,WN,N719WN,1190,MDW,LAS,0630,0635,0955,1000,0,,5,5,205
2024-01-09,WN,N719WN,1191,LAS,MDW,1025,1025,1350,1350,0,,0,0,205
2024-01-09,WN,N719WN,1192,MDW,MCI,1420,1457,1545,1622,0,,37,37,85
2024-01-09,WN,N719WN,1193,MCI,MDW,1615,1633,1740,1758,0,,18,18,85
2024-01-09,WN,N719WN,1194,MDW,BNA,1810,1825,1930,1945,0,,15,15,80
2024-01-09,WN,N719WN,1195,BNA,MDW,2000,2000,2120,2120,0,,0,0,80
2024-01-09,WN,N720WN,1200,MDW,PHX,0615,0630,0930,0945,0,,15,15,195
2024-01-09,WN,N720WN,1201,PHX,MDW,1000,1000,1315,1315,0,,0,0,195
2024-01-09,WN,N720WN,1202,MDW,MCI,1345,1345,1510,1510,0,,0,0,85
2024-01-09,WN,N720WN,1203,MCI,MDW,1540,1548,1705,1713,0,,8,8,85
2024-01-09,WN,N720WN,1204,MDW,PHX,1735,1735,2050,2050,0,,0,0,195
2024-01-09,WN,N720WN,1205,PHX,MDW,2120,2122,0035,0037,0,,2,2,195
2024-01-09,WN,N721WN,1210,MDW,PHX,0600,0607,0915,0922,0,,7,7,195
2024-01-09,WN,N721WN,1211,PHX,MDW,0945,0945,1300,1300,0,,0,0,195
2024-01-09,WN,N721WN,1212,MDW,ATL,1330,1348,1515,1533,0,,18,18,105
2024-01-09,WN,N721WN,1213,ATL,MDW,1545,1545,1730,1730,0,,0,0,105
2024-01-09,WN,N721WN,1214,MDW,DEN,1800,1800,2020,2020,0,,0,0,140
2024-01-09,WN,N721WN,1215,DEN,MDW,2050,2127,2310,2347,0,,37,37,140
2024-01-10,WN,N700WN,1000,MDW,LAS,0615,0639,0940,1004,0,,24,24,205
2024-01-10,WN,N700WN,1001,LAS,MDW,1010,1010,1335,1335,0,,0,0,205
2024-01-10,WN,N700WN,1002,MDW,MCI,1405,1410,1530,1535,0,,5,5,85
2024-01-10,WN,N700WN,1003,MCI,MDW,1600,1600,1725,1725,0,,0,0,85
2024-01-10,WN,N700WN,1004,MDW,MCI,1755,1852,1920,2017,0,,57,57,85
2024-01-10,WN,N700WN,1005,MCI,MDW,1950,1956,2115,2121,0,,6,6,85
2024-01-10,WN,N701WN,1010,MDW,DEN,0545,0606,0805,0826,0,,21,21,140
2024-01-10,WN,N701WN,1011,DEN,MDW,0835,0852,1055,1112,0,,17,17,140
2024-01-10,WN,N701WN,1012,MDW,ATL,1125,1125,1310,1310,0,,0,0,105
2024-01-10,WN,N701WN,1013,ATL,MDW,1340,1423,1525,1608,0,,43,43,105
2024-01-10,WN,N701WN,1014,MDW,ATL,1555,1617,1740,1802,0,,22,22,105
2024-01-10,WN,N701WN,1015,ATL,MDW,1810,1821,1955,2006,0,,11,11,105
2024-01-10,WN,N702WN,1020,MDW,ATL,0530,0554,0715,0739,0,,24,24,105
2024-01-10,WN,N702WN,1021,ATL,MDW,0745,0747,0930,0932,0,,2,2,105
2024-01-10,WN,N702WN,1022,MDW,STL,1000,1038,1105,1143,0,,38,38,65
2024-01-10,WN,N702WN,1023,STL,MDW,1135,1156,1240,1301,0,,21,21,65
2024-01-10,WN,N702WN,1024,MDW,DEN,1310,1327,1530,1547,0,,17,17,140
2024-01-10,WN,N702WN,1025,DEN,MDW,1600,1600,1820,1820,0,,0,0,140
2024-01-10,WN,N703WN,1030,MDW,PHX,0530,0544,0845,0859,0,,14,14,195
2024-01-10,WN,N703WN,1031,PHX,MDW,0915,0928,1230,1243,0,,13,13,195
2024-01-10,WN,N703WN,1032,MDW,STL,1300,1306,1405,1411,0,,6,6,65
2024-01-10,WN,N703WN,1033,STL,MDW,1435,1456,1540,1601,0,,21,21,65
2024-01-10,WN,N703WN,1034,MDW,PHX,1610,1629,1925,1944,0,,19,19,195
2024-01-10,WN,N703WN,1035,PHX,MDW,1955,2011,2310,2326,0,,16,16,195
2024-01-10,WN,N704WN,1040,MDW,PHX,0700,0728,1015,1043,0,,28,28,195
2024-01-10,WN,N704WN,1041,PHX,MDW,1045,1100,1400,1415,0,,15,15,195
2024-01-10,WN,N704WN,1042,MDW,DEN,1430,1439,1650,1659,0,,9,9,140
2024-01-10,WN,N704WN,1043,DEN,MDW,1720,1723,1940,1943,0,,3,3,140
2024-01-10,WN,N704WN,1044,MDW,LAS,2010,2010,2335,2335,0,,0,0,205
2024-01-10,WN,N704WN,1045,LAS,MDW,0005,0016,0330,0341,0,,11,11,205
2024-01-10,WN,N705WN,1050,MDW,ATL,0630,0709,0815,0854,0,,39,39,105
2024-01-10,WN,N705WN,1051,ATL,MDW,0845,0922,1030,1107,0,,37,37,105
2024-01-10,WN,N705WN,1052,MDW,ATL,1100,1110,1245,1255,0,,10,10,105
2024-01-10,WN,N705WN,1053,ATL,MDW,1315,1341,1500,1526,0,,26,26,105
2024-01-10,WN,N705WN,1054,MDW,ATL,1530,1539,1715,1724,0,,9,9,105
2024-01-10,WN,N705WN,1055,ATL,MDW,1745,1811,1930,1956,0,,26,26,105
2024-01-10,WN,N706WN,1060,MDW,DEN,0630,0718,0850,0938,0,,48,48,140
2024-01-10,WN,N706WN,1061,DEN,MDW,0920,0920,1140,1140,0,,0,0,140
2024-01-10,WN,N706WN,1062,MDW,DAL,1210,1210,1400,1400,0,,0,0,110
2024-01-10,WN,N706WN,1063,DAL,MDW,1430,1456,1620,1646,0,,26,26,110
2024-01-10,WN,N706WN,1064,MDW,BNA,1650,1650,1810,1810,0,,0,0,80
2024-01-10,WN,N706WN,1065,BNA,MDW,1840,1917,2000,2037,0,,37,37,80
2024-01-10,WN,N707WN,1070,MDW,PHX,0630,0630,0945,0945,0,,0,0,195
2024-01-10,WN,N707WN,1071,PHX,MDW,1015,1034,1330,1349,0,,19,19,195
2024-01-10,WN,N707WN,1072,MDW,ATL,1400,1400,1545,1545,0,,0,0,105
2024-01-10,WN,N707WN,1073,ATL,MDW,1615,1643,1800,1828,0,,28,28,105
2024-01-10,WN,N707WN,1074,MDW,STL,1830,1830,1935,1935,0,,0,0,65
2024-01-10,WN,N707WN,1075,STL,MDW,2005,2006,2110,2111,0,,1,1,65
2024-01-10,WN,N708WN,1080,MDW,BNA,0715,0715,0835,0835,0,,0,0,80
2024-01-10,WN,N708WN,1081,BNA,MDW,0905,0945,1025,1105,0,,40,40,80
2024-01-10,WN,N708WN,1082,MDW,DAL,1055,1100,1245,1250,0,,5,5,110
2024-01-10,WN,N708WN,1083,DAL,MDW,1315,1322,1505,1512,0,,7,7,110
2024-01-10,WN,N708WN,1084,MDW,LAS,1535,1535,1900,1900,0,,0,0,205
2024-01-10,WN,N708WN,1085,LAS,MDW,1930,1935,2255,2300,0,,5,5,205
2024-01-10,WN,N709WN,1090,MDW,DAL,0600,0600,0750,0750,0,,0,0,110
2024-01-10,WN,N709WN,1091,DAL,MDW,0820,0820,1010,1010,0,,0,0,110
2024-01-10,WN,N709WN,1092,MDW,ATL,1040,1054,1225,1239,0,,14,14,105
2024-01-10,WN,N709WN,1093,ATL,MDW,1255,1329,1440,1514,0,,34,34,105
2024-01-10,WN,N709WN,1094,MDW,DEN,1510,1531,1730,1751,0,,21,21,140
2024-01-10,WN,N709WN,1095,DEN,MDW,1800,1800,2020,2020,0,,0,0,140
2024-01-10,WN,N710WN,1100,MDW,PHX,0615,0622,0930,0937,0,,7,7,195
2024-01-10,WN,N710WN,1101,PHX,MDW,1000,1002,1315,1317,0,,2,2,195
2024-01-10,WN,N710WN,1102,MDW,LAS,1345,1356,1710,1721,0,,11,11,205
2024-01-10,WN,N710WN,1103,LAS,MDW,1740,1740,2105,2105,0,,0,0,205
2024-01-10,WN,N710WN,1104,MDW,ATL,2135,2135,2320,2320,0,,0,0,105
2024-01-10,WN,N710WN,1105,ATL,MDW,2350,0027,0135,0212,0,,37,37,105
2024-01-10,WN,N711WN,1110,MDW,MCI,0530,0537,0655,0702,0,,7,7,85
2024-01-10,WN,N711WN,1111,MCI,MDW,0725,0725,0850,0850,0,,0,0,85
2024-01-10,WN,N711WN,1112,MDW,DEN,0920,0944,1140,1204,0,,24,24,140
2024-01-10,WN,N711WN,1113,DEN,MDW,1210,1212,1430,1432,0,,2,2,140
2024-01-10,WN,N711WN,1114,MDW,BNA,1500,1525,1620,1645,0,,25,25,80
2024-01-10,WN,N711WN,1115,BNA,MDW,1650,1708,1810,1828,0,,18,18,80
2024-01-10,WN,N712WN,1120,MDW,ATL,0545,0549,0730,0734,0,,4,4,105
2024-01-10,WN,N712WN,1121,ATL,MDW,0800,0800,0945,0945,0,,0,0,105
2024-01-10,WN,N712WN,1122,MDW,DAL,1015,1015,1205,1205,0,,0,0,110
2024-01-10,WN,N712WN,1123,DAL,MDW,1235,1235,1425,1425,0,,0,0,110
2024-01-10,WN,N712WN,1124,MDW,PHX,1455,1525,1810,1840,0,,30,30,195
2024-01-10,WN,N712WN,1125,PHX,MDW,1840,1840,2155,2155,0,,0,0,195
2024-01-10,WN,N713WN,1130,MDW,DAL,0645,0645,0835,0835,0,,0,0,110
2024-01-10,WN,N713WN,1131,DAL,MDW,0905,0953,1055,1143,0,,48,48,110
2024-01-10,WN,N713WN,1132,MDW,LAS,1125,1129,1450,1454,0,,4,4,205
2024-01-10,WN,N713WN,1133,LAS,MDW,1520,1601,1845,1926,0,,41,41,205
2024-01-10,WN,N713WN,1134,MDW,MCI,1915,1943,2040,2108,0,,28,28,85
2024-01-10,WN,N713WN,1135,MCI,MDW,2110,2110,2235,2235,0,,0,0,85
2024-01-10,WN,N714WN,1140,MDW,STL,0630,0630,0735,0735,0,,0,0,65
2024-01-10,WN,N714WN,1141,STL,MDW,0805,0807,0910,0912,0,,2,2,65
2024-01-10,WN,N714WN,1142,MDW,DAL,0940,0949,1130,1139,0,,9,9,110
2024-01-10,WN,N714WN,1143,DAL,MDW,1200,1212,1350,1402,0,,12,12,110
2024-01-10,WN,N714WN,1144,MDW,DEN,1420,1420,1640,1640,0,,0,0,140
2024-01-10,WN,N714WN,1145,DEN,MDW,1710,1714,1930,1934,0,,4,4,140
2024-01-10,WN,N715WN,1150,MDW,BNA,0630,0656,0750,0816,0,,26,26,80
2024-01-10,WN,N715WN,1151,BNA,MDW,0820,0820,0940,0940,0,,0,0,80
2024-01-10,WN,N715WN,1152,MDW,DEN,1010,1010,1230,1230,0,,0,0,140
2024-01-10,WN,N715WN,1153,DEN,MDW,1300,1340,1520,1600,0,,40,40,140
2024-01-10,WN,N715WN,1154,MDW,LAS,1550,1553,1915,1918,0,,3,3,205
2024-01-10,WN,N715WN,1155,LAS,MDW,1945,1945,2310,2310,0,,0,0,205
2024-01-10,WN,N716WN,1160,MDW,BNA,0630,0646,0750,0806,0,,16,16,80
2024-01-10,WN,N716WN,1161,BNA,MDW,0820,0820,0940,0940,0,,0,0,80
2024-01-10,WN,N716WN,1162,MDW,PHX,1010,1110,1325,1425,0,,60,60,195
2024-01-10,WN,N716WN,1163,PHX,MDW,1355,1437,1710,1752,0,,42,42,195
2024-01-10,WN,N716WN,1164,MDW,DAL,1740,1740,1930,1930,0,,0,0,110
2024-01-10,WN,N716WN,1165,DAL,MDW,2000,2023,2150,2213,0,,23,23,110
2024-01-10,WN,N717WN,1170,MDW,STL,0645,0729,0750,0834,0,,44,44,65
2024-01-10,WN,N717WN,1171,STL,MDW,0820,0820,0925,0925,0,,0,0,65
2024-01-10,WN,N717WN,1172,MDW,DAL,0955,1016,1145,1206,0,,21,21,110
2024-01-10,WN,N717WN,1173,DAL,MDW,1215,1239,1405,1429,0,,24,24,110
2024-01-10,WN,N717WN,1174,MDW,ATL,1435,1515,1620,1700,0,,40,40,105
2024-01-10,WN,N717WN,1175,ATL,MDW,1650,1650,1835,1835,0,,0,0,105
2024-01-10,WN,N718WN,1180,MDW,PHX,0615,0615,0930,0930,0,,0,0,195
2024-01-10,WN,N718WN,1181,PHX,MDW,1000,1000,1315,1315,0,,0,0,195
2024-01-10,WN,N718WN,1182,MDW,PHX,1345,1347,1700,1702,0,,2,2,195
2024-01-10,WN,N718WN,1183,PHX,MDW,1730,1740,2045,2055,0,,10,10,195
2024-01-10,WN,N718WN,1184,MDW,MCI,2115,2115,2240,2240,0,,0,0,85
2024-01-10,WN,N718WN,1185,MCI,MDW,2310,2338,0035,0103,0,,28,28,85
2024-01-10,WN,N719WN,1190,MDW,MCI,0600,0618,0725,0743,0,,18,18,85
2024-01-10,WN,N719WN,1191,MCI,MDW,0755,0755,0920,0920,0,,0,0,85
2024-01-10,WN,N719WN,1192,MDW,ATL,0950,,1135,,1,C,,,105
2024-01-10,WN,N719WN,1193,ATL,MDW,1205,1206,1350,1351,0,,1,1,105
2024-01-10,WN,N719WN,1194,MDW,DEN,1420,1420,1640,1640,0,,0,0,140
2024-01-10,WN,N719WN,1195,DEN,MDW,1710,1714,1930,1934,0,,4,4,140
2024-01-10,WN,N720WN,1200,MDW,LAS,0715,0721,1040,1046,0,,6,6,205
2024-01-10,WN,N720WN,1201,LAS,MDW,1110,1149,1435,1514,0,,39,39,205
2024-01-10,WN,N720WN,1202,MDW,LAS,1505,,1830,,1,A,,,205
2024-01-10,WN,N720WN,1203,LAS,MDW,1900,1925,2225,2250,0,,25,25,205
2024-01-10,WN,N720WN,1204,MDW,DAL,2255,2256,0045,0046,0,,1,1,110
2024-01-10,WN,N720WN,1205,DAL,MDW,0115,0116,0305,0306,0,,1,1,110
2024-01-10,WN,N721WN,1210,MDW,ATL,0615,0632,0800,0817,0,,17,17,105
2024-01-10,WN,N721WN,1211,ATL,MDW,0830,0929,1015,1114,0,,59,59,105
2024-01-10,WN,N721WN,1212,MDW,ATL,1045,1045,1230,1230,0,,0,0,105
2024-01-10,WN,N721WN,1213,ATL,MDW,1300,1317,1445,1502,0,,17,17,105
2024-01-10,WN,N721WN,1214,MDW,PHX,1515,1536,1830,1851,0,,21,21,195
2024-01-10,WN,N721WN,1215,PHX,MDW,1900,1923,2215,2238,0,,23,23,195
2024-01-11,WN,N700WN,1000,MDW,LAS,0545,0630,0910,0955,0,,45,45,205
2024-01-11,WN,N700WN,1001,LAS,MDW,0940,1012,1305,1337,0,,32,32,205
2024-01-11,WN,N700WN,1002,MDW,PHX,1335,1410,1650,1725,0,,35,35,195
2024-01-11,WN,N700WN,1003,PHX,MDW,1720,1733,2035,2048,0,,13,13,195
2024-01-11,WN,N700WN,1004,MDW,ATL,2105,2131,2250,2316,0,,26,26,105
2024-01-11,WN,N700WN,1005,ATL,MDW,2320,2355,0105,0140,0,,35,35,105
2024-01-11,WN,N701WN,1010,MDW,BNA,0615,0615,0735,0735,0,,0,0,80
2024-01-11,WN,N701WN,1011,BNA,MDW,0805,0805,0925,0925,0,,0,0,80
2024-01-11,WN,N701WN,1012,MDW,PHX,0955,1031,1310,1346,0,,36,36,195
2024-01-11,WN,N701WN,1013,PHX,MDW,1340,1408,1655,1723,0,,28,28,195
2024-01-11,WN,N701WN,1014,MDW,DAL,1725,1725,1915,1915,0,,0,0,110
2024-01-11,WN,N701WN,1015,DAL,MDW,1945,1948,2135,2138,0,,3,3,110
2024-01-11,WN,N702WN,1020,MDW,MCI,0615,0626,0740,0751,0,,11,11,85
2024-01-11,WN,N702WN,1021,MCI,MDW,0810,0819,0935,0944,0,,9,9,85
2024-01-11,WN,N702WN,1022,MDW,LAS,1005,1027,1330,1352,0,,22,22,205
2024-01-11,WN,N702WN,1023,LAS,MDW,1400,1400,1725,1725,0,,0,0,205
2024-01-11,WN,N702WN,1024,MDW,LAS,1755,1819,2120,2144,0,,24,24,205
2024-01-11,WN,N702WN,1025,LAS,MDW,2150,2158,0115,0123,0,,8,8,205
2024-01-11,WN,N703WN,1030,MDW,BNA,0645,0645,0805,0805,0,,0,0,80
2024-01-11,WN,N703WN,1031,BNA,MDW,0835,0841,0955,1001,0,,6,6,80
2024-01-11,WN,N703WN,1032,MDW,PHX,1025,1025,1340,1340,0,,0,0,195
2024-01-11,WN,N703WN,1033,PHX,MDW,1410,1410,1725,1725,0,,0,0,195
2024-01-11,WN,N703WN,1034,MDW,DEN,1755,1808,2015,2028,0,,13,13,140
2024-01-11,WN,N703WN,1035,DEN,MDW,2045,2105,2305,2325,0,,20,20,140
2024-01-11,WN,N704WN,1040,MDW,DEN,0615,0615,0835,0835,0,,0,0,140
2024-01-11,WN,N704WN,1041,DEN,MDW,0905,0939,1125,1159,0,,34,34,140
2024-01-11,WN,N704WN,1042,MDW,LAS,1155,1155,1520,1520,0,,0,0,205
2024-01-11,WN,N704WN,1043,LAS,MDW,1550,1553,1915,1918,0,,3,3,205
2024-01-11,WN,N704WN,1044,MDW,DEN,1945,2012,2205,2232,0,,27,27,140
2024-01-11,WN,N704WN,1045,DEN,MDW,2235,2235,0055,0055,0,,0,0,140
2024-01-11,WN,N705WN,1050,MDW,PHX,0700,0700,1015,1015,0,,0,0,195
2024-01-11,WN,N705WN,1051,PHX,MDW,1045,1049,1400,1404,0,,4,4,195
2024-01-11,WN,N705WN,1052,MDW,STL,1430,1505,1535,1610,0,,35,35,65
2024-01-11,WN,N705WN,1053,STL,MDW,1605,1605,1710,1710,0,,0,0,65
2024-01-11,WN,N705WN,1054,MDW,LAS,1740,1819,2105,2144,0,,39,39,205
2024-01-11,WN,N705WN,1055,LAS,MDW,2135,2141,0100,0106,0,,6,6,205
2024-01-11,WN,N706WN,1060,MDW,MCI,0615,0615,0740,0740,0,,0,0,85
2024-01-11,WN,N706WN,1061,MCI,MDW,0810,0815,0935,0940,0,,5,5,85
2024-01-11,WN,N706WN,1062,MDW,STL,1005,1005,1110,1110,0,,0,0,65
2024-01-11,WN,N706WN,1063,STL,MDW,1140,1211,1245,1316,0,,31,31,65
2024-01-11,WN,N706WN,1064,MDW,ATL,1315,1334,1500,1519,0,,19,19,105
2024-01-11,WN,N706WN,1065,ATL,MDW,1530,1530,1715,1715,0,,0,0,105
2024-01-11,WN,N707WN,1070,MDW,PHX,0600,0600,0915,0915,0,,0,0,195
2024-01-11,WN,N707WN,1071,PHX,MDW,0945,0958,1300,1313,0,,13,13,195
2024-01-11,WN,N707WN,1072,MDW,DEN,1330,1403,1550,1623,0,,33,33,140
2024-01-11,WN,N707WN,1073,DEN,MDW,1620,1628,1840,1848,0,,8,8,140
2024-01-11,WN,N707WN,1074,MDW,MCI,1910,1916,2035,2041,0,,6,6,85
2024-01-11,WN,N707WN,1075,MCI,MDW,2105,2126,2230,2251,0,,21,21,85
2024-01-11,WN,N708WN,1080,MDW,DEN,0530,0535,0750,0755,0,,5,5,140
2024-01-11,WN,N708WN,1081,DEN,MDW,0820,0832,1040,1052,0,,12,12,140
2024-01-11,WN,N708WN,1082,MDW,MCI,1110,1131,1235,1256,0,,21,21,85
2024-01-11,WN,N708WN,1083,MCI,MDW,1305,1335,1430,1500,0,,30,30,85
2024-01-11,WN,N708WN,1084,MDW,LAS,1500,1538,1825,1903,0,,38,38,205
2024-01-11,WN,N708WN,1085,LAS,MDW,1855,1908,2220,2233,0,,13,13,205
2024-01-11,WN,N709WN,1090,MDW,MCI,0530,0549,0655,0714,0,,19,19,85
2024-01-11,WN,N709WN,1091,MCI,MDW,0725,0736,0850,0901,0,,11,11,85
2024-01-11,WN,N709WN,1092,MDW,DEN,0920,0932,1140,1152,0,,12,12,140
2024-01-11,WN,N709WN,1093,DEN,MDW,1210,1241,1430,1501,0,,31,31,140
2024-01-11,WN,N709WN,1094,MDW,BNA,1500,1516,1620,1636,0,,16,16,80
2024-01-11,WN,N709WN,1095,BNA,MDW,1650,1702,1810,1822,0,,12,12,80
2024-01-11,WN,N710WN,1100,MDW,STL,0615,0615,0720,0720,0,,0,0,65
2024-01-11,WN,N710WN,1101,STL,MDW,0750,0816,0855,0921,0,,26,26,65
2024-01-11,WN,N710WN,1102,MDW,PHX,0925,0951,1240,1306,0,,26,26,195
2024-01-11,WN,N710WN,1103,PHX,MDW,1310,1332,1625,1647,0,,22,22,195
2024-01-11,WN,N710WN,1104,MDW,STL,1655,1655,1800,1800,0,,0,0,65
2024-01-11,WN,N710WN,1105,STL,MDW,1830,1830,1935,1935,0,,0,0,65
2024-01-11,WN,N711WN,1110,MDW,LAS,0645,0702,1010,1027,0,,17,17,205
2024-01-11,WN,N711WN,1111,LAS,MDW,1040,1040,1405,1405,0,,0,0,205
2024-01-11,WN,N711WN,1112,MDW,PHX,1435,1435,1750,1750,0,,0,0,195
2024-01-11,WN,N711WN,1113,PHX,MDW,1820,1845,2135,2200,0,,25,25,195
2024-01-11,WN,N711WN,1114,MDW,LAS,2205,2205,0130,0130,0,,0,0,205
2024-01-11,WN,N711WN,1115,LAS,MDW,0200,0232,0525,0557,0,,32,32,205
2024-01-11,WN,N712WN,1120,MDW,LAS,0530,0556,0855,0921,0,,26,26,205
2024-01-11,WN,N712WN,1121,LAS,MDW,0925,0950,1250,1315,0,,25,25,205
2024-01-11,WN,N712WN,1122,MDW,LAS,1320,1345,1645,1710,0,,25,25,205
2024-01-11,WN,N712WN,1123,LAS,MDW,1715,1715,2040,2040,0,,0,0,205
2024-01-11,WN,N712WN,1124,MDW,LAS,2110,2110,0035,0035,0,,0,0,205
2024-01-11,WN,N712WN,1125,LAS,MDW,0105,0112,0430,0437,0,,7,7,205
2024-01-11,WN,N713WN,1130,MDW,DAL,0630,0645,0820,0835,0,,15,15,110
2024-01-11,WN,N713WN,1131,DAL,MDW,0850,0850,1040,1040,0,,0,0,110
2024-01-11,WN,N713WN,1132,MDW,BNA,1110,1110,1230,1230,0,,0,0,80
2024-01-11,WN,N713WN,1133,BNA,MDW,1300,1311,1420,1431,0,,11,11,80
2024-01-11,WN,N713WN,1134,MDW,LAS,1450,1452,1815,1817,0,,2,2,205
2024-01-11,WN,N713WN,1135,LAS,MDW,1845,1845,2210,2210,0,,0,0,205
2024-01-11,WN,N714WN,1140,MDW,PHX,0645,0656,1000,1011,0,,11,11,195
2024-01-11,WN,N714WN,1141,PHX,MDW,1030,1030,1345,1345,0,,0,0,195
2024-01-11,WN,N714WN,1142,MDW,DEN,1415,1437,1635,1657,0,,22,22,140
2024-01-11,WN,N714WN,1143,DEN,MDW,1705,1712,1925,1932,0,,7,7,140
2024-01-11,WN,N714WN,1144,MDW,PHX,1955,1955,2310,2310,0,,0,0,195
2024-01-11,WN,N714WN,1145,PHX,MDW,2340,2358,0255,0313,0,,18,18,195
2024-01-11,WN,N715WN,1150,MDW,STL,0615,0645,0720,0750,0,,30,30,65
2024-01-11,WN,N715WN,1151,STL,MDW,0750,0835,0855,0940,0,,45,45,65
2024-01-11,WN,N715WN,1152,MDW,ATL,0925,1008,1110,1153,0,,43,43,105
2024-01-11,WN,N715WN,1153,ATL,MDW,1140,1208,1325,1353,0,,28,28,105
2024-01-11,WN,N715WN,1154,MDW,DAL,1355,1355,1545,1545,0,,0,0,110
2024-01-11,WN,N715WN,1155,DAL,MDW,1615,1615,1805,1805,0,,0,0,110
2024-01-11,WN,N716WN,1160,MDW,MCI,0715,0715,0840,0840,0,,0,0,85
2024-01-11,WN,N716WN,1161,MCI,MDW,0910,0923,1035,1048,0,,13,13,85
2024-01-11,WN,N716WN,1162,MDW,STL,1105,1105,1210,1210,0,,0,0,65
2024-01-11,WN,N716WN,1163,STL,MDW,1240,1304,1345,1409,0,,24,24,65
2024-01-11,WN,N716WN,1164,MDW,BNA,1415,1415,1535,1535,0,,0,0,80
2024-01-11,WN,N716WN,1165,BNA,MDW,1605,1605,1725,1725,0,,0,0,80
2024-01-11,WN,N717WN,1170,MDW,DEN,0600,0603,0820,0823,0,,3,3,140
2024-01-11,WN,N717WN,1171,DEN,MDW,0850,0850,1110,1110,0,,0,0,140
2024-01-11,WN,N717WN,1172,MDW,BNA,1140,1140,1300,1300,0,,0,0,80
2024-01-11,WN,N717WN,1173,BNA,MDW,1330,1330,1450,1450,0,,0,0,80
2024-01-11,WN,N717WN,1174,MDW,BNA,1520,1559,1640,1719,0,,39,39,80
2024-01-11,WN,N717WN,1175,BNA,MDW,1710,1710,1830,1830,0,,0,0,80
2024-01-11,WN,N718WN,1180,MDW,PHX,0530,0556,0845,0911,0,,26,26,195
2024-01-11,WN,N718WN,1181,PHX,MDW,0915,0946,1230,1301,0,,31,31,195
2024-01-11,WN,N718WN,1182,MDW,STL,1300,1326,1405,1431,0,,26,26,65
2024-01-11,WN,N718WN,1183,STL,MDW,1435,1526,1540,1631,0,,51,51,65
2024-01-11,WN,N718WN,1184,MDW,STL,1610,1614,1715,1719,0,,4,4,65
2024-01-11,WN,N718WN,1185,STL,MDW,1745,1746,1850,1851,0,,1,1,65
2024-01-11,WN,N719WN,1190,MDW,DEN,0615,0615,0835,0835,0,,0,0,140
2024-01-11,WN,N719WN,1191,DEN,MDW,0905,0905,1125,1125,0,,0,0,140
2024-01-11,WN,N719WN,1192,MDW,MCI,1155,1217,1320,1342,0,,22,22,85
2024-01-11,WN,N719WN,1193,MCI,MDW,1350,1359,1515,1524,0,,9,9,85
2024-01-11,WN,N719WN,1194,MDW,PHX,1545,1600,1900,1915,0,,15,15,195
2024-01-11,WN,N719WN,1195,PHX,MDW,1930,2005,2245,2320,0,,35,35,195
2024-01-11,WN,N720WN,1200,MDW,STL,0545,0636,0650,0741,0,,51,51,65
2024-01-11,WN,N720WN,1201,STL,MDW,0720,0721,0825,0826,0,,1,1,65
2024-01-11,WN,N720WN,1202,MDW,ATL,0855,0902,1040,1047,0,,7,7,105
2024-01-11,WN,N720WN,1203,ATL,MDW,1110,1134,1255,1319,0,,24,24,105
2024-01-11,WN,N720WN,1204,MDW,BNA,1325,1347,1445,1507,0,,22,22,80
2024-01-11,WN,N720WN,1205,BNA,MDW,1515,1542,1635,1702,0,,27,27,80
2024-01-11,WN,N721WN,1210,MDW,STL,0645,0648,0750,0753,0,,3,3,65
2024-01-11,WN,N721WN,1211,STL,MDW,0820,0820,0925,0925,0,,0,0,65
2024-01-11,WN,N721WN,1212,MDW,LAS,0955,0955,1320,1320,0,,0,0,205
2024-01-11,WN,N721WN,1213,LAS,MDW,1350,1350,1715,1715,0,,0,0,205
2024-01-11,WN,N721WN,1214,MDW,DEN,1745,1745,2005,2005,0,,0,0,140
2024-01-11,WN,N721WN,1215,DEN,MDW,2035,2043,2255,2303,0,,8,8,140
2024-01-12,WN,N700WN,1000,MDW,DEN,0615,0615,0835,0835,0,,0,0,140
2024-01-12,WN,N700WN,1001,DEN,MDW,0905,0905,1125,1125,0,,0,0,140
2024-01-12,WN,N700WN,1002,MDW,MCI,1155,1204,1320,1329,0,,9,9,85
2024-01-12,WN,N700WN,1003,MCI,MDW,1350,1358,1515,1523,0,,8,8,85
2024-01-12,WN,N700WN,1004,MDW,DEN,1545,1601,1805,1821,0,,16,16,140
2024-01-12,WN,N700WN,1005,DEN,MDW,1835,1835,2055,2055,0,,0,0,140
2024-01-12,WN,N701WN,1010,MDW,MCI,0715,0715,0840,0840,0,,0,0,85
2024-01-12,WN,N701WN,1011,MCI,MDW,0910,0910,1035,1035,0,,0,0,85
2024-01-12,WN,N701WN,1012,MDW,PHX,1105,1119,1420,1434,0,,14,14,195
2024-01-12,WN,N701WN,1013,PHX,MDW,1450,1450,1805,1805,0,,0,0,195
2024-01-12,WN,N701WN,1014,MDW,BNA,1835,1852,1955,2012,0,,17,17,80
2024-01-12,WN,N701WN,1015,BNA,MDW,2025,2027,2145,2147,0,,2,2,80
2024-01-12,WN,N702WN,1020,MDW,PHX,0615,0647,0930,1002,0,,32,32,195
2024-01-12,WN,N702WN,1021,PHX,MDW,1000,1000,1315,1315,0,,0,0,195
2024-01-12,WN,N702WN,1022,MDW,PHX,1345,1346,1700,1701,0,,1,1,195
2024-01-12,WN,N702WN,1023,PHX,MDW,1730,1904,2045,2219,0,,94,94,195
2024-01-12,WN,N702WN,1024,MDW,BNA,2115,2218,2235,2338,0,,63,63,80
2024-01-12,WN,N702WN,1025,BNA,MDW,2305,2305,0025,0025,0,,0,0,80
2024-01-12,WN,N703WN,1030,MDW,ATL,0700,0720,0845,0905,0,,20,20,105
2024-01-12,WN,N703WN,1031,ATL,MDW,0915,0915,1100,1100,0,,0,0,105
2024-01-12,WN,N703WN,1032,MDW,PHX,1130,1135,1445,1450,0,,5,5,195
2024-01-12,WN,N703WN,1033,PHX,MDW,1515,1523,1830,1838,0,,8,8,195
2024-01-12,WN,N703WN,1034,MDW,PHX,1900,1900,2215,2215,0,,0,0,195
2024-01-12,WN,N703WN,1035,PHX,MDW,2245,2328,0200,0243,0,,43,43,195
2024-01-12,WN,N704WN,1040,MDW,LAS,0530,0530,0855,0855,0,,0,0,205
2024-01-12,WN,N704WN,1041,LAS,MDW,0925,0925,1250,1250,0,,0,0,205
2024-01-12,WN,N704WN,1042,MDW,MCI,1320,1320,1445,1445,0,,0,0,85
2024-01-12,WN,N704WN,1043,MCI,MDW,1515,1531,1640,1656,0,,16,16,85
2024-01-12,WN,N704WN,1044,MDW,LAS,1710,1714,2035,2039,0,,4,4,205
2024-01-12,WN,N704WN,1045,LAS,MDW,2105,2105,0030,0030,0,,0,0,205
2024-01-12,WN,N705WN,1050,MDW,DAL,0715,0724,0905,0914,0,,9,9,110
2024-01-12,WN,N705WN,1051,DAL,MDW,0935,0940,1125,1130,0,,5,5,110
2024-01-12,WN,N705WN,1052,MDW,LAS,1155,,1520,,1,C,,,205
2024-01-12,WN,N705WN,1053,LAS,MDW,1550,1608,1915,1933,0,,18,18,205
2024-01-12,WN,N705WN,1054,MDW,DEN,1945,1954,2205,2214,0,,9,9,140
2024-01-12,WN,N705WN,1055,DEN,MDW,2235,2239,0055,0059,0,,4,4,140
2024-01-12,WN,N706WN,1060,MDW,DAL,0600,0612,0750,0802,0,,12,12,110
2024-01-12,WN,N706WN,1061,DAL,MDW,0820,0838,1010,1028,0,,18,18,110
2024-01-12,WN,N706WN,1062,MDW,DEN,1040,1110,1300,1330,0,,30,30,140
2024-01-12,WN,N706WN,1063,DEN,MDW,1330,1342,1550,1602,0,,12,12,140
2024-01-12,WN,N706WN,1064,MDW,PHX,1620,1620,1935,1935,0,,0,0,195
2024-01-12,WN,N706WN,1065,PHX,MDW,2005,2010,2320,2325,0,,5,5,195
2024-01-12,WN,N707WN,1070,MDW,LAS,0600,0715,0925,1040,0,,75,75,205
2024-01-12,WN,N707WN,1071,LAS,MDW,0955,1009,1320,1334,0,,14,14,205
2024-01-12,WN,N707WN,1072,MDW,STL,1350,1356,1455,1501,0,,6,6,65
2024-01-12,WN,N707WN,1073,STL,MDW,1525,1525,1630,1630,0,,0,0,65
2024-01-12,WN,N707WN,1074,MDW,LAS,1700,1721,2025,2046,0,,21,21,205
2024-01-12,WN,N707WN,1075,LAS,MDW,2055,2124,0020,0049,0,,29,29,205
2024-01-12,WN,N708WN,1080,MDW,BNA,0645,0645,0805,0805,0,,0,0,80
2024-01-12,WN,N708WN,1081,BNA,MDW,0835,0913,0955,1033,0,,38,38,80
2024-01-12,WN,N708WN,1082,MDW,DEN,1025,1038,1245,1258,0,,13,13,140
2024-01-12,WN,N708WN,1083,DEN,MDW,1315,1322,1535,1542,0,,7,7,140
2024-01-12,WN,N708WN,1084,MDW,ATL,1605,1623,1750,1808,0,,18,18,105
2024-01-12,WN,N708WN,1085,ATL,MDW,1820,1914,2005,2059,0,,54,54,105
2024-01-12,WN,N709WN,1090,MDW,DEN,0615,0624,0835,0844,0,,9,9,140
2024-01-12,WN,N709WN,1091,DEN,MDW,0905,0953,1125,1213,0,,48,48,140
2024-01-12,WN,N709WN,1092,MDW,STL,1155,1155,1300,1300,0,,0,0,65
2024-01-12,WN,N709WN,1093,STL,MDW,1330,1352,1435,1457,0,,22,22,65
2024-01-12,WN,N709WN,1094,MDW,MCI,1505,1521,1630,1646,0,,16,16,85
2024-01-12,WN,N709WN,1095,MCI,MDW,1700,1701,1825,1826,0,,1,1,85
2024-01-12,WN,N710WN,1100,MDW,ATL,0630,0640,0815,0825,0,,10,10,105
2024-01-12,WN,N710WN,1101,ATL,MDW,0845,0850,1030,1035,0,,5,5,105
2024-01-12,WN,N710WN,1102,MDW,STL,1100,1104,1205,1209,0,,4,4,65
2024-01-12,WN,N710WN,1103,STL,MDW,1235,1312,1340,1417,0,,37,37,65
2024-01-12,WN,N710WN,1104,MDW,MCI,1410,1446,1535,1611,0,,36,36,85
2024-01-12,WN,N710WN,1105,MCI,MDW,1605,1625,1730,1750,0,,20,20,85
2024-01-12,WN,N711WN,1110,MDW,STL,0715,0715,0820,0820,0,,0,0,65
2024-01-12,WN,N711WN,1111,STL,MDW,0850,0850,0955,0955,0,,0,0,65
2024-01-12,WN,N711WN,1112,MDW,ATL,1025,1118,1210,1303,0,,53,53,105
2024-01-12,WN,N711WN,1113,ATL,MDW,1240,1255,1425,1440,0,,15,15,105
2024-01-12,WN,N711WN,1114,MDW,MCI,1455,1513,1620,1638,0,,18,18,85
2024-01-12,WN,N711WN,1115,MCI,MDW,1650,1657,1815,1822,0,,7,7,85
2024-01-12,WN,N712WN,1120,MDW,ATL,0700,0700,0845,0845,0,,0,0,105
2024-01-12,WN,N712WN,1121,ATL,MDW,0915,0915,1100,1100,0,,0,0,105
2024-01-12,WN,N712WN,1122,MDW,STL,1130,1130,1235,1235,0,,0,0,65
2024-01-12,WN,N712WN,1123,STL,MDW,1305,1312,1410,1417,0,,7,7,65
2024-01-12,WN,N712WN,1124,MDW,DEN,1440,1453,1700,1713,0,,13,13,140
2024-01-12,WN,N712WN,1125,DEN,MDW,1730,1730,1950,1950,0,,0,0,140
2024-01-12,WN,N713WN,1130,MDW,ATL,0615,0615,0800,0800,0,,0,0,105
2024-01-12,WN,N713WN,1131,ATL,MDW,0830,0851,1015,1036,0,,21,21,105
2024-01-12,WN,N713WN,1132,MDW,MCI,1045,1048,1210,1213,0,,3,3,85
2024-01-12,WN,N713WN,1133,MCI,MDW,1240,1240,1405,1405,0,,0,0,85
2024-01-12,WN,N713WN,1134,MDW,ATL,1435,1456,1620,1641,0,,21,21,105
2024-01-12,WN,N713WN,1135,ATL,MDW,1650,1655,1835,1840,0,,5,5,105
2024-01-12,WN,N714WN,1140,MDW,DAL,0530,0604,0720,0754,0,,34,34,110
2024-01-12,WN,N714WN,1141,DAL,MDW,0750,0750,0940,0940,0,,0,0,110
2024-01-12,WN,N714WN,1142,MDW,DEN,1010,1054,1230,1314,0,,44,44,140
2024-01-12,WN,N714WN,1143,DEN,MDW,1300,1311,1520,1531,0,,11,11,140
2024-01-12,WN,N714WN,1144,MDW,MCI,1550,1633,1715,1758,0,,43,43,85
2024-01-12,WN,N714WN,1145,MCI,MDW,1745,1801,1910,1926,0,,16,16,85
2024-01-12,WN,N715WN,1150,MDW,PHX,0600,0600,0915,0915,0,,0,0,195
2024-01-12,WN,N715WN,1151,PHX,MDW,0945,1015,1300,1330,0,,30,30,195
2024-01-12,WN,N715WN,1152,MDW,ATL,1330,1334,1515,1519,0,,4,4,105
2024-01-12,WN,N715WN,1153,ATL,MDW,1545,1606,1730,1751,0,,21,21,105
2024-01-12,WN,N715WN,1154,MDW,ATL,1800,1829,1945,2014,0,,29,29,105
2024-01-12,WN,N715WN,1155,ATL,MDW,2015,2015,2200,2200,0,,0,0,105
2024-01-12,WN,N716WN,1160,MDW,STL,0600,0620,0705,0725,0,,20,20,65
2024-01-12,WN,N716WN,1161,STL,MDW,0735,0746,0840,0851,0,,11,11,65
2024-01-12,WN,N716WN,1162,MDW,ATL,0910,0920,1055,1105,0,,10,10,105
2024-01-12,WN,N716WN,1163,ATL,MDW,1125,1126,1310,1311,0,,1,1,105
2024-01-12,WN,N716WN,1164,MDW,DAL,1340,1426,1530,1616,0,,46,46,110
2024-01-12,WN,N716WN,1165,DAL,MDW,1600,1600,1750,1750,0,,0,0,110
2024-01-12,WN,N717WN,1170,MDW,STL,0545,0545,0650,0650,0,,0,0,65
2024-01-12,WN,N717WN,1171,STL,MDW,0720,0720,0825,0825,0,,0,0,65
2024-01-12,WN,N717WN,1172,MDW,MCI,0855,0940,1020,1105,0,,45,45,85
2024-01-12,WN,N717WN,1173,MCI,MDW,1050,1105,1215,1230,0,,15,15,85
2024-01-12,WN,N717WN,1174,MDW,PHX,1245,1320,1600,1635,0,,35,35,195
2024-01-12,WN,N717WN,1175,PHX,MDW,1630,1630,1945,1945,0,,0,0,195
2024-01-12,WN,N718WN,1180,MDW,LAS,0645,0658,1010,1023,0,,13,13,205
2024-01-12,WN,N718WN,1181,LAS,MDW,1040,1131,1405,1456,0,,51,51,205
2024-01-12,WN,N718WN,1182,MDW,DEN,1435,1436,1655,1656,0,,1,1,140
2024-01-12,WN,N718WN,1183,DEN,MDW,1725,1725,1945,1945,0,,0,0,140
2024-01-12,WN,N718WN,1184,MDW,DEN,2015,2015,2235,2235,0,,0,0,140
2024-01-12,WN,N718WN,1185,DEN,MDW,2305,2305,0125,0125,0,,0,0,140
2024-01-12,WN,N719WN,1190,MDW,PHX,0530,0530,0845,0845,0,,0,0,195
2024-01-12,WN,N719WN,1191,PHX,MDW,0915,0915,1230,1230,0,,0,0,195
2024-01-12,WN,N719WN,1192,MDW,DEN,1300,1315,1520,1535,0,,15,15,140
2024-01-12,WN,N719WN,1193,DEN,MDW,1550,1550,1810,1810,0,,0,0,140
2024-01-12,WN,N719WN,1194,MDW,PHX,1840,1916,2155,2231,0,,36,36,195
2024-01-12,WN,N719WN,1195,PHX,MDW,2225,2225,0140,0140,0,,0,0,195
2024-01-12,WN,N720WN,1200,MDW,ATL,0715,0737,0900,0922,0,,22,22,105
2024-01-12,WN,N720WN,1201,ATL,MDW,0930,0946,1115,1131,0,,16,16,105
2024-01-12,WN,N720WN,1202,MDW,DEN,1145,1202,1405,1422,0,,17,17,140
2024-01-12,WN,N720WN,1203,DEN,MDW,1435,1456,1655,1716,0,,21,21,140
2024-01-12,WN,N720WN,1204,MDW,DAL,1725,1725,1915,1915,0,,0,0,110
2024-01-12,WN,N720WN,1205,DAL,MDW,1945,2008,2135,2158,0,,23,23,110
2024-01-12,WN,N721WN,1210,MDW,STL,0530,0530,0635,0635,0,,0,0,65
2024-01-12,WN,N721WN,1211,STL,MDW,0705,0708,0810,0813,0,,3,3,65
2024-01-12,WN,N721WN,1212,MDW,DEN,0840,0840,1100,1100,0,,0,0,140
2024-01-12,WN,N721WN,1213,DEN,MDW,1130,1140,1350,1400,0,,10,10,140
2024-01-12,WN,N721WN,1214,MDW,DAL,1420,1420,1610,1610,0,,0,0,110
2024-01-12,WN,N721WN,1215,DAL,MDW,1640,1709,1830,1859,0,,29,29,110
2024-01-13,WN,N700WN,1000,MDW,BNA,0645,0645,0805,0805,0,,0,0,80
2024-01-13,WN,N700WN,1001,BNA,MDW,0835,0843,0955,1003,0,,8,8,80
2024-01-13,WN,N700WN,1002,MDW,DEN,1025,1035,1245,1255,0,,10,10,140
2024-01-13,WN,N700WN,1003,DEN,MDW,1315,1341,1535,1601,0,,26,26,140
2024-01-13,WN,N700WN,1004,MDW,DEN,1605,1605,1825,1825,0,,0,0,140
2024-01-13,WN,N700WN,1005,DEN,MDW,1855,1855,2115,2115,0,,0,0,140
2024-01-13,WN,N701WN,1010,MDW,LAS,0545,0554,0910,0919,0,,9,9,205
2024-01-13,WN,N701WN,1011,LAS,MDW,0940,0943,1305,1308,0,,3,3,205
2024-01-13,WN,N701WN,1012,MDW,BNA,1335,1349,1455,1509,0,,14,14,80
2024-01-13,WN,N701WN,1013,BNA,MDW,1525,1525,1645,1645,0,,0,0,80
2024-01-13,WN,N701WN,1014,MDW,MCI,1715,1715,1840,1840,0,,0,0,85
2024-01-13,WN,N701WN,1015,MCI,MDW,1910,1946,2035,2111,0,,36,36,85
2024-01-13,WN,N702WN,1020,MDW,DEN,0545,0601,0805,0821,0,,16,16,140
2024-01-13,WN,N702WN,1021,DEN,MDW,0835,0844,1055,1104,0,,9,9,140
2024-01-13,WN,N702WN,1022,MDW,LAS,1125,1130,1450,1455,0,,5,5,205
2024-01-13,WN,N702WN,1023,LAS,MDW,1520,1539,1845,1904,0,,19,19,205
2024-01-13,WN,N702WN,1024,MDW,LAS,1915,1927,2240,2252,0,,12,12,205
2024-01-13,WN,N702WN,1025,LAS,MDW,2310,2330,0235,0255,0,,20,20,205
2024-01-13,WN,N703WN,1030,MDW,PHX,0715,0715,1030,1030,0,,0,0,195
2024-01-13,WN,N703WN,1031,PHX,MDW,1100,1100,1415,1415,0,,0,0,195
2024-01-13,WN,N703WN,1032,MDW,ATL,1445,1518,1630,1703,0,,33,33,105
2024-01-13,WN,N703WN,1033,ATL,MDW,1700,1711,1845,1856,0,,11,11,105
2024-01-13,WN,N703WN,1034,MDW,DEN,1915,,2135,,1,A,,,140
2024-01-13,WN,N703WN,1035,DEN,MDW,2205,2214,0025,0034,0,,9,9,140
2024-01-13,WN,N704WN,1040,MDW,BNA,0630,0717,0750,0837,0,,47,47,80
2024-01-13,WN,N704WN,1041,BNA,MDW,0820,0820,0940,0940,0,,0,0,80
2024-01-13,WN,N704WN,1042,MDW,STL,1010,1010,1115,1115,0,,0,0,65
2024-01-13,WN,N704WN,1043,STL,MDW,1145,1155,1250,1300,0,,10,10,65
2024-01-13,WN,N704WN,1044,MDW,LAS,1320,1333,1645,1658,0,,13,13,205
2024-01-13,WN,N704WN,1045,LAS,MDW,1715,1748,2040,2113,0,,33,33,205
2024-01-13,WN,N705WN,1050,MDW,PHX,0600,0707,0915,1022,0,,67,67,195
2024-01-13,WN,N705WN,1051,PHX,MDW,0945,0945,1300,1300,0,,0,0,195
2024-01-13,WN,N705WN,1052,MDW,BNA,1330,1401,1450,1521,0,,31,31,80
2024-01-13,WN,N705WN,1053,BNA,MDW,1520,1536,1640,1656,0,,16,16,80
2024-01-13,WN,N705WN,1054,MDW,BNA,1710,1806,1830,1926,0,,56,56,80
2024-01-13,WN,N705WN,1055,BNA,MDW,1900,1928,2020,2048,0,,28,28,80
2024-01-13,WN,N706WN,1060,MDW,MCI,0615,0717,0740,0842,0,,62,62,85
2024-01-13,WN,N706WN,1061,MCI,MDW,0810,0810,0935,0935,0,,0,0,85
2024-01-13,WN,N706WN,1062,MDW,STL,1005,1022,1110,1127,0,,17,17,65
2024-01-13,WN,N706WN,1063,STL,MDW,1140,1140,1245,1245,0,,0,0,65
2024-01-13,WN,N706WN,1064,MDW,BNA,1315,1414,1435,1534,0,,59,59,80
2024-01-13,WN,N706WN,1065,BNA,MDW,1505,1505,1625,1625,0,,0,0,80
2024-01-13,WN,N707WN,1070,MDW,DEN,0630,0630,0850,0850,0,,0,0,140
2024-01-13,WN,N707WN,1071,DEN,MDW,0920,0921,1140,1141,0,,1,1,140
2024-01-13,WN,N707WN,1072,MDW,STL,1210,1210,1315,1315,0,,0,0,65
2024-01-13,WN,N707WN,1073,STL,MDW,1345,1415,1450,1520,0,,30,30,65
2024-01-13,WN,N707WN,1074,MDW,LAS,1520,1527,1845,1852,0,,7,7,205
2024-01-13,WN,N707WN,1075,LAS,MDW,1915,1915,2240,2240,0,,0,0,205
2024-01-13,WN,N708WN,1080,MDW,DAL,0530,0555,0720,0745,0,,25,25,110
2024-01-13,WN,N708WN,1081,DAL,MDW,0750,0750,0940,0940,0,,0,0,110
2024-01-13,WN,N708WN,1082,MDW,MCI,1010,1030,1135,1155,0,,20,20,85
2024-01-13,WN,N708WN,1083,MCI,MDW,1205,1231,1330,1356,0,,26,26,85
2024-01-13,WN,N708WN,1084,MDW,BNA,1400,1400,1520,1520,0,,0,0,80
2024-01-13,WN,N708WN,1085,BNA,MDW,1550,1550,1710,1710,0,,0,0,80
2024-01-13,WN,N709WN,1090,MDW,DAL,0630,0639,0820,0829,0,,9,9,110
2024-01-13,WN,N709WN,1091,DAL,MDW,0850,0850,1040,1040,0,,0,0,110
2024-01-13,WN,N709WN,1092,MDW,ATL,1110,1145,1255,1330,0,,35,35,105
2024-01-13,WN,N709WN,1093,ATL,MDW,1325,1346,1510,1531,0,,21,21,105
2024-01-13,WN,N709WN,1094,MDW,BNA,1540,1553,1700,1713,0,,13,13,80
2024-01-13,WN,N709WN,1095,BNA,MDW,1730,1745,1850,1905,0,,15,15,80
2024-01-13,WN,N710WN,1100,MDW,BNA,0530,0533,0650,0653,0,,3,3,80
2024-01-13,WN,N710WN,1101,BNA,MDW,0720,0720,0840,0840,0,,0,0,80
2024-01-13,WN,N710WN,1102,MDW,LAS,0910,0916,1235,1241,0,,6,6,205
2024-01-13,WN,N710WN,1103,LAS,MDW,1305,1325,1630,1650,0,,20,20,205
2024-01-13,WN,N710WN,1104,MDW,PHX,1700,1741,2015,2056,0,,41,41,195
2024-01-13,WN,N710WN,1105,PHX,MDW,2045,2045,0000,0000,0,,0,0,195
2024-01-13,WN,N711WN,1110,MDW,ATL,0700,0740,0845,0925,0,,40,40,105
2024-01-13,WN,N711WN,1111,ATL,MDW,0915,0915,1100,1100,0,,0,0,105
2024-01-13,WN,N711WN,1112,MDW,PHX,1130,1145,1445,1500,0,,15,15,195
2024-01-13,WN,N711WN,1113,PHX,MDW,1515,1515,1830,1830,0,,0,0,195
2024-01-13,WN,N711WN,1114,MDW,ATL,1900,1900,2045,2045,0,,0,0,105
2024-01-13,WN,N711WN,1115,ATL,MDW,2115,2124,2300,2309,0,,9,9,105
2024-01-13,WN,N712WN,1120,MDW,ATL,0645,0745,0830,0930,0,,60,60,105
2024-01-13,WN,N712WN,1121,ATL,MDW,0900,0916,1045,1101,0,,16,16,105
2024-01-13,WN,N712WN,1122,MDW,PHX,1115,1129,1430,1444,0,,14,14,195
2024-01-13,WN,N712WN,1123,PHX,MDW,1500,1500,1815,1815,0,,0,0,195
2024-01-13,WN,N712WN,1124,MDW,ATL,1845,1845,2030,2030,0,,0,0,105
2024-01-13,WN,N712WN,1125,ATL,MDW,2100,2159,2245,2344,0,,59,59,105
2024-01-13,WN,N713WN,1130,MDW,ATL,0545,0601,0730,0746,0,,16,16,105
2024-01-13,WN,N713WN,1131,ATL,MDW,0800,0800,0945,0945,0,,0,0,105
2024-01-13,WN,N713WN,1132,MDW,DAL,1015,1051,1205,1241,0,,36,36,110
2024-01-13,WN,N713WN,1133,DAL,MDW,1235,1258,1425,1448,0,,23,23,110
2024-01-13,WN,N713WN,1134,MDW,PHX,1455,1506,1810,1821,0,,11,11,195
2024-01-13,WN,N713WN,1135,PHX,MDW,1840,1854,2155,2209,0,,14,14,195
2024-01-13,WN,N714WN,1140,MDW,PHX,0615,0627,0930,0942,0,,12,12,195
2024-01-13,WN,N714WN,1141,PHX,MDW,1000,1004,1315,1319,0,,4,4,195
2024-01-13,WN,N714WN,1142,MDW,MCI,1345,1412,1510,1537,0,,27,27,85
2024-01-13,WN,N714WN,1143,MCI,MDW,1540,1544,1705,1709,0,,4,4,85
2024-01-13,WN,N714WN,1144,MDW,STL,1735,1735,1840,1840,0,,0,0,65
2024-01-13,WN,N714WN,1145,STL,MDW,1910,1927,2015,2032,0,,17,17,65
2024-01-13,WN,N715WN,1150,MDW,MCI,0530,0530,0655,0655,0,,0,0,85
2024-01-13,WN,N715WN,1151,MCI,MDW,0725,0732,0850,0857,0,,7,7,85
2024-01-13,WN,N715WN,1152,MDW,MCI,0920,0947,1045,1112,0,,27,27,85
2024-01-13,WN,N715WN,1153,MCI,MDW,1115,1138,1240,1303,0,,23,23,85
2024-01-13,WN,N715WN,1154,MDW,BNA,1310,1310,1430,1430,0,,0,0,80
2024-01-13,WN,N715WN,1155,BNA,MDW,1500,1500,1620,1620,0,,0,0,80
2024-01-13,WN,N716WN,1160,MDW,LAS,0615,0619,0940,0944,0,,4,4,205
2024-01-13,WN,N716WN,1161,LAS,MDW,1010,1034,1335,1359,0,,24,24,205
2024-01-13,WN,N716WN,1162,MDW,BNA,1405,1414,1525,1534,0,,9,9,80
2024-01-13,WN,N716WN,1163,BNA,MDW,1555,1555,1715,1715,0,,0,0,80
2024-01-13,WN,N716WN,1164,MDW,MCI,1745,1812,1910,1937,0,,27,27,85
2024-01-13,WN,N716WN,1165,MCI,MDW,1940,1955,2105,2120,0,,15,15,85
2024-01-13,WN,N717WN,1170,MDW,MCI,0615,0615,0740,0740,0,,0,0,85
2024-01-13,WN,N717WN,1171,MCI,MDW,0810,0810,0935,0935,0,,0,0,85
2024-01-13,WN,N717WN,1172,MDW,PHX,1005,1008,1320,1323,0,,3,3,195
2024-01-13,WN,N717WN,1173,PHX,MDW,1350,1350,1705,1705,0,,0,0,195
2024-01-13,WN,N717WN,1174,MDW,DAL,1735,1735,1925,1925,0,,0,0,110
2024-01-13,WN,N717WN,1175,DAL,MDW,1955,2020,2145,2210,0,,25,25,110
2024-01-13,WN,N718WN,1180,MDW,PHX,0530,0530,0845,0845,0,,0,0,195
2024-01-13,WN,N718WN,1181,PHX,MDW,0915,0915,1230,1230,0,,0,0,195
2024-01-13,WN,N718WN,1182,MDW,PHX,1300,1323,1615,1638,0,,23,23,195
2024-01-13,WN,N718WN,1183,PHX,MDW,1645,1700,2000,2015,0,,15,15,195
2024-01-13,WN,N718WN,1184,MDW,PHX,2030,2045,2345,0000,0,,15,15,195
2024-01-13,WN,N718WN,1185,PHX,MDW,0015,0024,0330,0339,0,,9,9,195
2024-01-13,WN,N719WN,1190,MDW,PHX,0700,0714,1015,1029,0,,14,14,195
2024-01-13,WN,N719WN,1191,PHX,MDW,1045,1045,1400,1400,0,,0,0,195
2024-01-13,WN,N719WN,1192,MDW,ATL,1430,1437,1615,1622,0,,7,7,105
2024-01-13,WN,N719WN,1193,ATL,MDW,1645,1645,1830,1830,0,,0,0,105
2024-01-13,WN,N719WN,1194,MDW,DEN,1900,1935,2120,2155,0,,35,35,140
2024-01-13,WN,N719WN,1195,DEN,MDW,2150,2210,0010,0030,0,,20,20,140
2024-01-13,WN,N720WN,1200,MDW,DEN,0615,0644,0835,0904,0,,29,29,140
2024-01-13,WN,N720WN,1201,DEN,MDW,0905,0905,1125,1125,0,,0,0,140
2024-01-13,WN,N720WN,1202,MDW,LAS,1155,1227,1520,1552,0,,32,32,205
2024-01-13,WN,N720WN,1203,LAS,MDW,1550,1610,1915,1935,0,,20,20,205
2024-01-13,WN,N720WN,1204,MDW,LAS,1945,2015,2310,2340,0,,30,30,205
2024-01-13,WN,N720WN,1205,LAS,MDW,2340,0004,0305,0329,0,,24,24,205
2024-01-13,WN,N721WN,1210,MDW,PHX,0615,0626,0930,0941,0,,11,11,195
2024-01-13,WN,N721WN,1211,PHX,MDW,1000,1000,1315,1315,0,,0,0,195
2024-01-13,WN,N721WN,1212,MDW,BNA,1345,1356,1505,1516,0,,11,11,80
2024-01-13,WN,N721WN,1213,BNA,MDW,1535,1550,1655,1710,0,,15,15,80
2024-01-13,WN,N721WN,1214,MDW,ATL,1725,1726,1910,1911,0,,1,1,105
2024-01-13,WN,N721WN,1215,ATL,MDW,1940,1940,2125,2125,0,,0,0,105
2024-01-14,WN,N700WN,1000,MDW,BNA,0530,0530,0650,0650,0,,0,0,80
2024-01-14,WN,N700WN,1001,BNA,MDW,0720,0720,0840,0840,0,,0,0,80
2024-01-14,WN,N700WN,1002,MDW,DEN,0910,0938,1130,1158,0,,28,28,140
2024-01-14,WN,N700WN,1003,DEN,MDW,1200,1200,1420,1420,0,,0,0,140
2024-01-14,WN,N700WN,1004,MDW,MCI,1450,1450,1615,1615,0,,0,0,85
2024-01-14,WN,N700WN,1005,MCI,MDW,1645,1656,1810,1821,0,,11,11,85
2024-01-14,WN,N701WN,1010,MDW,STL,0600,0700,0705,0805,0,,60,60,65
2024-01-14,WN,N701WN,1011,STL,MDW,0735,0757,0840,0902,0,,22,22,65
2024-01-14,WN,N701WN,1012,MDW,DAL,0910,0910,1100,1100,0,,0,0,110
2024-01-14,WN,N701WN,1013,DAL,MDW,1130,1151,1320,1341,0,,21,21,110
2024-01-14,WN,N701WN,1014,MDW,MCI,1350,1357,1515,1522,0,,7,7,85
2024-01-14,WN,N701WN,1015,MCI,MDW,1545,1609,1710,1734,0,,24,24,85
2024-01-14,WN,N702WN,1020,MDW,DAL,0530,0607,0720,0757,0,,37,37,110
2024-01-14,WN,N702WN,1021,DAL,MDW,0750,0830,0940,1020,0,,40,40,110
2024-01-14,WN,N702WN,1022,MDW,MCI,1010,1022,1135,1147,0,,12,12,85
2024-01-14,WN,N702WN,1023,MCI,MDW,1205,1212,1330,1337,0,,7,7,85
2024-01-14,WN,N702WN,1024,MDW,DEN,1400,1444,1620,1704,0,,44,44,140
2024-01-14,WN,N702WN,1025,DEN,MDW,1650,1702,1910,1922,0,,12,12,140
2024-01-14,WN,N703WN,1030,MDW,ATL,0545,0601,0730,0746,0,,16,16,105
2024-01-14,WN,N703WN,1031,ATL,MDW,0800,0842,0945,1027,0,,42,42,105
2024-01-14,WN,N703WN,1032,MDW,DAL,1015,1023,1205,1213,0,,8,8,110
2024-01-14,WN,N703WN,1033,DAL,MDW,1235,1300,1425,1450,0,,25,25,110
2024-01-14,WN,N703WN,1034,MDW,BNA,1455,1455,1615,1615,0,,0,0,80
2024-01-14,WN,N703WN,1035,BNA,MDW,1645,1726,1805,1846,0,,41,41,80
2024-01-14,WN,N704WN,1040,MDW,MCI,0630,0630,0755,0755,0,,0,0,85
2024-01-14,WN,N704WN,1041,MCI,MDW,0825,0843,0950,1008,0,,18,18,85
2024-01-14,WN,N704WN,1042,MDW,DEN,1020,1020,1240,1240,0,,0,0,140
2024-01-14,WN,N704WN,1043,DEN,MDW,1310,1324,1530,1544,0,,14,14,140
2024-01-14,WN,N704WN,1044,MDW,BNA,1600,1629,1720,1749,0,,29,29,80
2024-01-14,WN,N704WN,1045,BNA,MDW,1750,1808,1910,1928,0,,18,18,80
2024-01-14,WN,N705WN,1050,MDW,MCI,0600,0608,0725,0733,0,,8,8,85
2024-01-14,WN,N705WN,1051,MCI,MDW,0755,0821,0920,0946,0,,26,26,85
2024-01-14,WN,N705WN,1052,MDW,MCI,0950,0954,1115,1119,0,,4,4,85
2024-01-14,WN,N705WN,1053,MCI,MDW,1145,1151,1310,1316,0,,6,6,85
2024-01-14,WN,N705WN,1054,MDW,ATL,1340,1340,1525,1525,0,,0,0,105
2024-01-14,WN,N705WN,1055,ATL,MDW,1555,1555,1740,1740,0,,0,0,105
2024-01-14,WN,N706WN,1060,MDW,MCI,0645,0645,0810,0810,0,,0,0,85
2024-01-14,WN,N706WN,1061,MCI,MDW,0840,0906,1005,1031,0,,26,26,85
2024-01-14,WN,N706WN,1062,MDW,STL,1035,1114,1140,1219,0,,39,39,65
2024-01-14,WN,N706WN,1063,STL,MDW,1210,1236,1315,1341,0,,26,26,65
2024-01-14,WN,N706WN,1064,MDW,DAL,1345,1355,1535,1545,0,,10,10,110
2024-01-14,WN,N706WN,1065,DAL,MDW,1605,1605,1755,1755,0,,0,0,110
2024-01-14,WN,N707WN,1070,MDW,DEN,0645,0700,0905,0920,0,,15,15,140
2024-01-14,WN,N707WN,1071,DEN,MDW,0935,0939,1155,1159,0,,4,4,140
2024-01-14,WN,N707WN,1072,MDW,PHX,1225,1228,1540,1543,0,,3,3,195
2024-01-14,WN,N707WN,1073,PHX,MDW,1610,1621,1925,1936,0,,11,11,195
2024-01-14,WN,N707WN,1074,MDW,DAL,1955,2044,2145,2234,0,,49,49,110
2024-01-14,WN,N707WN,1075,DAL,MDW,2215,2307,0005,0057,0,,52,52,110
2024-01-14,WN,N708WN,1080,MDW,BNA,0630,0630,0750,0750,0,,0,0,80
2024-01-14,WN,N708WN,1081,BNA,MDW,0820,0849,0940,1009,0,,29,29,80
2024-01-14,WN,N708WN,1082,MDW,MCI,1010,1046,1135,1211,0,,36,36,85
2024-01-14,WN,N708WN,1083,MCI,MDW,1205,1214,1330,1339,0,,9,9,85
2024-01-14,WN,N708WN,1084,MDW,MCI,1400,1400,1525,1525,0,,0,0,85
2024-01-14,WN,N708WN,1085,MCI,MDW,1555,1555,1720,1720,0,,0,0,85
2024-01-14,WN,N709WN,1090,MDW,DAL,0645,0714,0835,0904,0,,29,29,110
2024-01-14,WN,N709WN,1091,DAL,MDW,0905,0909,1055,1059,0,,4,4,110
2024-01-14,WN,N709WN,1092,MDW,ATL,1125,1158,1310,1343,0,,33,33,105
2024-01-14,WN,N709WN,1093,ATL,MDW,1340,1342,1525,1527,0,,2,2,105
2024-01-14,WN,N709WN,1094,MDW,ATL,1555,1628,1740,1813,0,,33,33,105
2024-01-14,WN,N709WN,1095,ATL,MDW,1810,1818,1955,2003,0,,8,8,105
2024-01-14,WN,N710WN,1100,MDW,DAL,0530,,0720,,1,A,,,110
2024-01-14,WN,N710WN,1101,DAL,MDW,0750,0811,0940,1001,0,,21,21,110
2024-01-14,WN,N710WN,1102,MDW,MCI,1010,1010,1135,1135,0,,0,0,85
2024-01-14,WN,N710WN,1103,MCI,MDW,1205,1229,1330,1354,0,,24,24,85
2024-01-14,WN,N710WN,1104,MDW,LAS,1400,1456,1725,1821,0,,56,56,205
2024-01-14,WN,N710WN,1105,LAS,MDW,1755,1755,2120,2120,0,,0,0,205
2024-01-14,WN,N711WN,1110,MDW,MCI,0700,0700,0825,0825,0,,0,0,85
2024-01-14,WN,N711WN,1111,MCI,MDW,0855,0855,1020,1020,0,,0,0,85
2024-01-14,WN,N711WN,1112,MDW,DEN,1050,1050,1310,1310,0,,0,0,140
2024-01-14,WN,N711WN,1113,DEN,MDW,1340,1340,1600,1600,0,,0,0,140
2024-01-14,WN,N711WN,1114,MDW,STL,1630,1630,1735,1735,0,,0,0,65
2024-01-14,WN,N711WN,1115,STL,MDW,1805,1807,1910,1912,0,,2,2,65
2024-01-14,WN,N712WN,1120,MDW,BNA,0715,0741,0835,0901,0,,26,26,80
2024-01-14,WN,N712WN,1121,BNA,MDW,0905,0909,1025,1029,0,,4,4,80
2024-01-14,WN,N712WN,1122,MDW,STL,1055,1057,1200,1202,0,,2,2,65
2024-01-14,WN,N712WN,1123,STL,MDW,1230,1230,1335,1335,0,,0,0,65
2024-01-14,WN,N712WN,1124,MDW,LAS,1405,1429,1730,1754,0,,24,24,205
2024-01-14,WN,N712WN,1125,LAS,MDW,1800,1839,2125,2204,0,,39,39,205
2024-01-14,WN,N713WN,1130,MDW,DEN,0715,0742,0935,1002,0,,27,27,140
2024-01-14,WN,N713WN,1131,DEN,MDW,1005,1009,1225,1229,0,,4,4,140
2024-01-14,WN,N713WN,1132,MDW,DEN,1255,1255,1515,1515,0,,0,0,140
2024-01-14,WN,N713WN,1133,DEN,MDW,1545,1600,1805,1820,0,,15,15,140
2024-01-14,WN,N713WN,1134,MDW,ATL,1835,1849,2020,2034,0,,14,14,105
2024-01-14,WN,N713WN,1135,ATL,MDW,2050,2109,2235,2254,0,,19,19,105
2024-01-14,WN,N714WN,1140,MDW,BNA,0630,0630,0750,0750,0,,0,0,80
2024-01-14,WN,N714WN,1141,BNA,MDW,0820,0914,0940,1034,0,,54,54,80
2024-01-14,WN,N714WN,1142,MDW,LAS,1010,1037,1335,1402,0,,27,27,205
2024-01-14,WN,N714WN,1143,LAS,MDW,1405,1406,1730,1731,0,,1,1,205
2024-01-14,WN,N714WN,1144,MDW,DAL,1800,1821,1950,2011,0,,21,21,110
2024-01-14,WN,N714WN,1145,DAL,MDW,2020,2020,2210,2210,0,,0,0,110
2024-01-14,WN,N715WN,1150,MDW,DAL,0715,0715,0905,0905,0,,0,0,110
2024-01-14,WN,N715WN,1151,DAL,MDW,0935,1021,1125,1211,0,,46,46,110
2024-01-14,WN,N715WN,1152,MDW,PHX,1155,1155,1510,1510,0,,0,0,195
2024-01-14,WN,N715WN,1153,PHX,MDW,1540,,1855,,1,A,,,195
2024-01-14,WN,N715WN,1154,MDW,LAS,1925,1925,2250,2250,0,,0,0,205
2024-01-14,WN,N715WN,1155,LAS,MDW,2320,2335,0245,0300,0,,15,15,205
2024-01-14,WN,N716WN,1160,MDW,DAL,0615,0648,0805,0838,0,,33,33,110
2024-01-14,WN,N716WN,1161,DAL,MDW,0835,0843,1025,1033,0,,8,8,110
2024-01-14,WN,N716WN,1162,MDW,DEN,1055,1055,1315,1315,0,,0,0,140
2024-01-14,WN,N716WN,1163,DEN,MDW,1345,1426,1605,1646,0,,41,41,140
2024-01-14,WN,N716WN,1164,MDW,MCI,1635,1635,1800,1800,0,,0,0,85
2024-01-14,WN,N716WN,1165,MCI,MDW,1830,1849,1955,2014,0,,19,19,85
2024-01-14,WN,N717WN,1170,MDW,MCI,0645,0645,0810,0810,0,,0,0,85
2024-01-14,WN,N717WN,1171,MCI,MDW,0840,0840,1005,1005,0,,0,0,85
2024-01-14,WN,N717WN,1172,MDW,LAS,1035,1035,1400,1400,0,,0,0,205
2024-01-14,WN,N717WN,1173,LAS,MDW,1430,1430,1755,1755,0,,0,0,205
2024-01-14,WN,N717WN,1174,MDW,LAS,1825,1825,2150,2150,0,,0,0,205
2024-01-14,WN,N717WN,1175,LAS,MDW,2220,2231,0145,0156,0,,11,11,205
2024-01-14,WN,N718WN,1180,MDW,MCI,0545,0556,0710,0721,0,,11,11,85
2024-01-14,WN,N718WN,1181,MCI,MDW,0740,0806,0905,0931,0,,26,26,85
2024-01-14,WN,N718WN,1182,MDW,STL,0935,0935,1040,1040,0,,0,0,65
2024-01-14,WN,N718WN,1183,STL,MDW,1110,1110,1215,1215,0,,0,0,65
2024-01-14,WN,N718WN,1184,MDW,MCI,1245,1310,1410,1435,0,,25,25,85
2024-01-14,WN,N718WN,1185,MCI,MDW,1440,1440,1605,1605,0,,0,0,85
2024-01-14,WN,N719WN,1190,MDW,ATL,0545,0545,0730,0730,0,,0,0,105
2024-01-14,WN,N719WN,1191,ATL,MDW,0800,0800,0945,0945,0,,0,0,105
2024-01-14,WN,N719WN,1192,MDW,DAL,1015,1025,1205,1215,0,,10,10,110
2024-01-14,WN,N719WN,1193,DAL,MDW,1235,1238,1425,1428,0,,3,3,110
2024-01-14,WN,N719WN,1194,MDW,BNA,1455,1548,1615,1708,0,,53,53,80
2024-01-14,WN,N719WN,1195,BNA,MDW,1645,1645,1805,1805,0,,0,0,80
2024-01-14,WN,N720WN,1200,MDW,STL,0645,0701,0750,0806,0,,16,16,65
2024-01-14,WN,N720WN,1201,STL,MDW,0820,0904,0925,1009,0,,44,44,65
2024-01-14,WN,N720WN,1202,MDW,DAL,0955,0955,1145,1145,0,,0,0,110
2024-01-14,WN,N720WN,1203,DAL,MDW,1215,1215,1405,1405,0,,0,0,110
2024-01-14,WN,N720WN,1204,MDW,BNA,1435,1511,1555,1631,0,,36,36,80
2024-01-14,WN,N720WN,1205,BNA,MDW,1625,1646,1745,1806,0,,21,21,80
2024-01-14,WN,N721WN,1210,MDW,ATL,0700,0712,0845,0857,0,,12,12,105
2024-01-14,WN,N721WN,1211,ATL,MDW,0915,1010,1100,1155,0,,55,55,105
2024-01-14,WN,N721WN,1212,MDW,DEN,1130,1200,1350,1420,0,,30,30,140
2024-01-14,WN,N721WN,1213,DEN,MDW,1420,1447,1640,1707,0,,27,27,140
2024-01-14,WN,N721WN,1214,MDW,DAL,1710,1710,1900,1900,0,,0,0,110
2024-01-14,WN,N721WN,1215,DAL,MDW,1930,2009,2120,2159,0,,39,39,110
2024-01-15,WN,N700WN,1000,MDW,MCI,0700,0721,0825,0846,0,,21,21,85
2024-01-15,WN,N700WN,1001,MCI,MDW,0855,0855,1020,1020,0,,0,0,85
2024-01-15,WN,N700WN,1002,MDW,BNA,1050,1106,1210,1226,0,,16,16,80
2024-01-15,WN,N700WN,1003,BNA,MDW,1240,1342,1400,1502,0,,62,62,80
2024-01-15,WN,N700WN,1004,MDW,LAS,1430,1441,1755,1806,0,,11,11,205
2024-01-15,WN,N700WN,1005,LAS,MDW,1825,1831,2150,2156,0,,6,6,205
2024-01-15,WN,N701WN,1010,MDW,BNA,0630,0630,0750,0750,0,,0,0,80
2024-01-15,WN,N701WN,1011,BNA,MDW,0820,0826,0940,0946,0,,6,6,80
2024-01-15,WN,N701WN,1012,MDW,MCI,1010,1034,1135,1159,0,,24,24,85
2024-01-15,WN,N701WN,1013,MCI,MDW,1205,1247,1330,1412,0,,42,42,85
2024-01-15,WN,N701WN,1014,MDW,STL,1400,1400,1505,1505,0,,0,0,65
2024-01-15,WN,N701WN,1015,STL,MDW,1535,1548,1640,1653,0,,13,13,65
2024-01-15,WN,N702WN,1020,MDW,DAL,0645,0645,0835,0835,0,,0,0,110
2024-01-15,WN,N702WN,1021,DAL,MDW,0905,0941,1055,1131,0,,36,36,110
2024-01-15,WN,N702WN,1022,MDW,STL,1125,1148,1230,1253,0,,23,23,65
2024-01-15,WN,N702WN,1023,STL,MDW,1300,1314,1405,1419,0,,14,14,65
2024-01-15,WN,N702WN,1024,MDW,BNA,1435,1435,1555,1555,0,,0,0,80
2024-01-15,WN,N702WN,1025,BNA,MDW,1625,1720,1745,1840,0,,55,55,80
2024-01-15,WN,N703WN,1030,MDW,ATL,0715,0722,0900,0907,0,,7,7,105
2024-01-15,WN,N703WN,1031,ATL,MDW,0930,0939,1115,1124,0,,9,9,105
2024-01-15,WN,N703WN,1032,MDW,ATL,1145,1145,1330,1330,0,,0,0,105
2024-01-15,WN,N703WN,1033,ATL,MDW,1400,1410,1545,1555,0,,10,10,105
2024-01-15,WN,N703WN,1034,MDW,BNA,1615,1647,1735,1807,0,,32,32,80
2024-01-15,WN,N703WN,1035,BNA,MDW,1805,1819,1925,1939,0,,14,14,80
2024-01-15,WN,N704WN,1040,MDW,MCI,0600,0600,0725,0725,0,,0,0,85
2024-01-15,WN,N704WN,1041,MCI,MDW,0755,0755,0920,0920,0,,0,0,85
2024-01-15,WN,N704WN,1042,MDW,DEN,0950,1029,1210,1249,0,,39,39,140
2024-01-15,WN,N704WN,1043,DEN,MDW,1240,1301,1500,1521,0,,21,21,140
2024-01-15,WN,N704WN,1044,MDW,STL,1530,1532,1635,1637,0,,2,2,65
2024-01-15,WN,N704WN,1045,STL,MDW,1705,1705,1810,1810,0,,0,0,65
2024-01-15,WN,N705WN,1050,MDW,LAS,0700,0700,1025,1025,0,,0,0,205
2024-01-15,WN,N705WN,1051,LAS,MDW,1055,1211,1420,1536,0,,76,76,205
2024-01-15,WN,N705WN,1052,MDW,DEN,1450,1531,1710,1751,0,,41,41,140
2024-01-15,WN,N705WN,1053,DEN,MDW,1740,1744,2000,2004,0,,4,4,140
2024-01-15,WN,N705WN,1054,MDW,MCI,2030,2030,2155,2155,0,,0,0,85
2024-01-15,WN,N705WN,1055,MCI,MDW,2225,2258,2350,0023,0,,33,33,85
2024-01-15,WN,N706WN,1060,MDW,ATL,0715,0715,0900,0900,0,,0,0,105
2024-01-15,WN,N706WN,1061,ATL,MDW,0930,0947,1115,1132,0,,17,17,105
2024-01-15,WN,N706WN,1062,MDW,LAS,1145,1229,1510,1554,0,,44,44,205
2024-01-15,WN,N706WN,1063,LAS,MDW,1540,1545,1905,1910,0,,5,5,205
2024-01-15,WN,N706WN,1064,MDW,BNA,1935,1956,2055,2116,0,,21,21,80
2024-01-15,WN,N706WN,1065,BNA,MDW,2125,2125,2245,2245,0,,0,0,80
2024-01-15,WN,N707WN,1070,MDW,MCI,0600,0608,0725,0733,0,,8,8,85
2024-01-15,WN,N707WN,1071,MCI,MDW,0755,0816,0920,0941,0,,21,21,85
2024-01-15,WN,N707WN,1072,MDW,DEN,0950,1016,1210,1236,0,,26,26,140
2024-01-15,WN,N707WN,1073,DEN,MDW,1240,1249,1500,1509,0,,9,9,140
2024-01-15,WN,N707WN,1074,MDW,DAL,1530,1606,1720,1756,0,,36,36,110
2024-01-15,WN,N707WN,1075,DAL,MDW,1750,1811,1940,2001,0,,21,21,110
2024-01-15,WN,N708WN,1080,MDW,DAL,0530,0530,0720,0720,0,,0,0,110
2024-01-15,WN,N708WN,1081,DAL,MDW,0750,0750,0940,0940,0,,0,0,110
2024-01-15,WN,N708WN,1082,MDW,STL,1010,1046,1115,1151,0,,36,36,65
2024-01-15,WN,N708WN,1083,STL,MDW,1145,1156,1250,1301,0,,11,11,65
2024-01-15,WN,N708WN,1084,MDW,ATL,1320,1320,1505,1505,0,,0,0,105
2024-01-15,WN,N708WN,1085,ATL,MDW,1535,1604,1720,1749,0,,29,29,105
2024-01-15,WN,N709WN,1090,MDW,PHX,0700,0716,1015,1031,0,,16,16,195
2024-01-15,WN,N709WN,1091,PHX,MDW,1045,1051,1400,1406,0,,6,6,195
2024-01-15,WN,N709WN,1092,MDW,DEN,1430,1440,1650,1700,0,,10,10,140
2024-01-15,WN,N709WN,1093,DEN,MDW,1720,1752,1940,2012,0,,32,32,140
2024-01-15,WN,N709WN,1094,MDW,MCI,2010,2016,2135,2141,0,,6,6,85
2024-01-15,WN,N709WN,1095,MCI,MDW,2205,2206,2330,2331,0,,1,1,85
2024-01-15,WN,N710WN,1100,MDW,DAL,0545,0547,0735,0737,0,,2,2,110
2024-01-15,WN,N710WN,1101,DAL,MDW,0805,0805,0955,0955,0,,0,0,110
2024-01-15,WN,N710WN,1102,MDW,PHX,1025,1025,1340,1340,0,,0,0,195
2024-01-15,WN,N710WN,1103,PHX,MDW,1410,1424,1725,1739,0,,14,14,195
2024-01-15,WN,N710WN,1104,MDW,MCI,1755,1759,1920,1924,0,,4,4,85
2024-01-15,WN,N710WN,1105,MCI,MDW,1950,2004,2115,2129,0,,14,14,85
2024-01-15,WN,N711WN,1110,MDW,DAL,0530,0605,0720,0755,0,,35,35,110
2024-01-15,WN,N711WN,1111,DAL,MDW,0750,0751,0940,0941,0,,1,1,110
2024-01-15,WN,N711WN,1112,MDW,STL,1010,1035,1115,1140,0,,25,25,65
2024-01-15,WN,N711WN,1113,STL,MDW,1145,1145,1250,1250,0,,0,0,65
2024-01-15,WN,N711WN,1114,MDW,BNA,1320,1320,1440,1440,0,,0,0,80
2024-01-15,WN,N711WN,1115,BNA,MDW,1510,1510,1630,1630,0,,0,0,80
2024-01-15,WN,N712WN,1120,MDW,PHX,0630,0630,0945,0945,0,,0,0,195
2024-01-15,WN,N712WN,1121,PHX,MDW,1015,1027,1330,1342,0,,12,12,195
2024-01-15,WN,N712WN,1122,MDW,DAL,1400,1412,1550,1602,0,,12,12,110
2024-01-15,WN,N712WN,1123,DAL,MDW,1620,1620,1810,1810,0,,0,0,110
2024-01-15,WN,N712WN,1124,MDW,DEN,1840,1840,2100,2100,0,,0,0,140
2024-01-15,WN,N712WN,1125,DEN,MDW,2130,2136,2350,2356,0,,6,6,140
2024-01-15,WN,N713WN,1130,MDW,STL,0545,0545,0650,0650,0,,0,0,65
2024-01-15,WN,N713WN,1131,STL,MDW,0720,0720,0825,0825,0,,0,0,65
2024-01-15,WN,N713WN,1132,MDW,DAL,0855,0931,1045,1121,0,,36,36,110
2024-01-15,WN,N713WN,1133,DAL,MDW,1115,1119,1305,1309,0,,4,4,110
2024-01-15,WN,N713WN,1134,MDW,PHX,1335,1335,1650,1650,0,,0,0,195
2024-01-15,WN,N713WN,1135,PHX,MDW,1720,1807,2035,2122,0,,47,47,195
2024-01-15,WN,N714WN,1140,MDW,LAS,0600,0600,0925,0925,0,,0,0,205
2024-01-15,WN,N714WN,1141,LAS,MDW,0955,0955,1320,1320,0,,0,0,205
2024-01-15,WN,N714WN,1142,MDW,DAL,1350,1350,1540,1540,0,,0,0,110
2024-01-15,WN,N714WN,1143,DAL,MDW,1610,1610,1800,1800,0,,0,0,110
2024-01-15,WN,N714WN,1144,MDW,MCI,1830,1833,1955,1958,0,,3,3,85
2024-01-15,WN,N714WN,1145,MCI,MDW,2025,2043,2150,2208,0,,18,18,85
2024-01-15,WN,N715WN,1150,MDW,STL,0630,0708,0735,0813,0,,38,38,65
2024-01-15,WN,N715WN,1151,STL,MDW,0805,0819,0910,0924,0,,14,14,65
2024-01-15,WN,N715WN,1152,MDW,MCI,0940,1011,1105,1136,0,,31,31,85
2024-01-15,WN,N715WN,1153,MCI,MDW,1135,1209,1300,1334,0,,34,34,85
2024-01-15,WN,N715WN,1154,MDW,BNA,1330,1336,1450,1456,0,,6,6,80
2024-01-15,WN,N715WN,1155,BNA,MDW,1520,1531,1640,1651,0,,11,11,80
2024-01-15,WN,N716WN,1160,MDW,ATL,0615,0615,0800,0800,0,,0,0,105
2024-01-15,WN,N716WN,1161,ATL,MDW,0830,0915,1015,1100,0,,45,45,105
2024-01-15,WN,N716WN,1162,MDW,DEN,1045,1045,1305,1305,0,,0,0,140
2024-01-15,WN,N716WN,1163,DEN,MDW,1335,1335,1555,1555,0,,0,0,140
2024-01-15,WN,N716WN,1164,MDW,DAL,1625,1712,1815,1902,0,,47,47,110
2024-01-15,WN,N716WN,1165,DAL,MDW,1845,1851,2035,2041,0,,6,6,110
2024-01-15,WN,N717WN,1170,MDW,DEN,0715,0715,0935,0935,0,,0,0,140
2024-01-15,WN,N717WN,1171,DEN,MDW,1005,1102,1225,1322,0,,57,57,140
2024-01-15,WN,N717WN,1172,MDW,DEN,1255,1255,1515,1515,0,,0,0,140
2024-01-15,WN,N717WN,1173,DEN,MDW,1545,1548,1805,1808,0,,3,3,140
2024-01-15,WN,N717WN,1174,MDW,ATL,1835,1842,2020,2027,0,,7,7,105
2024-01-15,WN,N717WN,1175,ATL,MDW,2050,2050,2235,2235,0,,0,0,105
2024-01-15,WN,N718WN,1180,MDW,DAL,0615,0615,0805,0805,0,,0,0,110
2024-01-15,WN,N718WN,1181,DAL,MDW,0835,0914,1025,1104,0,,39,39,110
2024-01-15,WN,N718WN,1182,MDW,LAS,1055,1114,1420,1439,0,,19,19,205
2024-01-15,WN,N718WN,1183,LAS,MDW,1450,1450,1815,1815,0,,0,0,205
2024-01-15,WN,N718WN,1184,MDW,ATL,1845,1923,2030,2108,0,,38,38,105
2024-01-15,WN,N718WN,1185,ATL,MDW,2100,2145,2245,2330,0,,45,45,105
2024-01-15,WN,N719WN,1190,MDW,DEN,0630,0630,0850,0850,0,,0,0,140
2024-01-15,WN,N719WN,1191,DEN,MDW,0920,1003,1140,1223,0,,43,43,140
2024-01-15,WN,N719WN,1192,MDW,STL,1210,1243,1315,1348,0,,33,33,65
2024-01-15,WN,N719WN,1193,STL,MDW,1345,1349,1450,1454,0,,4,4,65
2024-01-15,WN,N719WN,1194,MDW,STL,1520,1540,1625,1645,0,,20,20,65
2024-01-15,WN,N719WN,1195,STL,MDW,1655,1722,1800,1827,0,,27,27,65
2024-01-15,WN,N720WN,1200,MDW,ATL,0700,0707,0845,0852,0,,7,7,105
2024-01-15,WN,N720WN,1201,ATL,MDW,0915,0951,1100,1136,0,,36,36,105
2024-01-15,WN,N720WN,1202,MDW,PHX,1130,1148,1445,1503,0,,18,18,195
2024-01-15,WN,N720WN,1203,PHX,MDW,1515,1515,1830,1830,0,,0,0,195
2024-01-15,WN,N720WN,1204,MDW,LAS,1900,1908,2225,2233,0,,8,8,205
2024-01-15,WN,N720WN,1205,LAS,MDW,2255,2313,0220,0238,0,,18,18,205
2024-01-15,WN,N721WN,1210,MDW,ATL,0630,0634,0815,0819,0,,4,4,105
2024-01-15,WN,N721WN,1211,ATL,MDW,0845,0845,1030,1030,0,,0,0,105
2024-01-15,WN,N721WN,1212,MDW,BNA,1100,1104,1220,1224,0,,4,4,80
2024-01-15,WN,N721WN,1213,BNA,MDW,1250,1250,1410,1410,0,,0,0,80
2024-01-15,WN,N721WN,1214,MDW,ATL,1440,1440,1625,1625,0,,0,0,105
2024-01-15,WN,N721WN,1215,ATL,MDW,1655,1655,1840,1840,0,,0,0,105
2024-01-16,WN,N700WN,1000,MDW,ATL,0530,0606,0715,0751,0,,36,36,105
2024-01-16,WN,N700WN,1001,ATL,MDW,0745,0807,0930,0952,0,,22,22,105
2024-01-16,WN,N700WN,1002,MDW,LAS,1000,1000,1325,1325,0,,0,0,205
2024-01-16,WN,N700WN,1003,LAS,MDW,1355,1355,1720,1720,0,,0,0,205
2024-01-16,WN,N700WN,1004,MDW,MCI,1750,1807,1915,1932,0,,17,17,85
2024-01-16,WN,N700WN,1005,MCI,MDW,1945,2012,2110,2137,0,,27,27,85
2024-01-16,WN,N701WN,1010,MDW,MCI,0645,0648,0810,0813,0,,3,3,85
2024-01-16,WN,N701WN,1011,MCI,MDW,0840,0840,1005,1005,0,,0,0,85
2024-01-16,WN,N701WN,1012,MDW,PHX,1035,1035,1350,1350,0,,0,0,195
2024-01-16,WN,N701WN,1013,PHX,MDW,1420,1432,1735,1747,0,,12,12,195
2024-01-16,WN,N701WN,1014,MDW,PHX,1805,1816,2120,2131,0,,11,11,195
2024-01-16,WN,N701WN,1015,PHX,MDW,2150,2151,0105,0106,0,,1,1,195
2024-01-16,WN,N702WN,1020,MDW,PHX,0530,0530,0845,0845,0,,0,0,195
2024-01-16,WN,N702WN,1021,PHX,MDW,0915,1004,1230,1319,0,,49,49,195
2024-01-16,WN,N702WN,1022,MDW,BNA,1300,1300,1420,1420,0,,0,0,80
2024-01-16,WN,N702WN,1023,BNA,MDW,1450,1523,1610,1643,0,,33,33,80
2024-01-16,WN,N702WN,1024,MDW,MCI,1640,1721,1805,1846,0,,41,41,85
2024-01-16,WN,N702WN,1025,MCI,MDW,1835,1835,2000,2000,0,,0,0,85
2024-01-16,WN,N703WN,1030,MDW,ATL,0630,0630,0815,0815,0,,0,0,105
2024-01-16,WN,N703WN,1031,ATL,MDW,0845,0940,1030,1125,0,,55,55,105
2024-01-16,WN,N703WN,1032,MDW,DAL,1100,1100,1250,1250,0,,0,0,110
2024-01-16,WN,N703WN,1033,DAL,MDW,1320,1335,1510,1525,0,,15,15,110
2024-01-16,WN,N703WN,1034,MDW,DEN,1540,1540,1800,1800,0,,0,0,140
2024-01-16,WN,N703WN,1035,DEN,MDW,1830,1910,2050,2130,0,,40,40,140
2024-01-16,WN,N704WN,1040,MDW,DAL,0645,,0835,,1,A,,,110
2024-01-16,WN,N704WN,1041,DAL,MDW,0905,0924,1055,1114,0,,19,19,110
2024-01-16,WN,N704WN,1042,MDW,DAL,1125,1150,1315,1340,0,,25,25,110
2024-01-16,WN,N704WN,1043,DAL,MDW,1345,1359,1535,1549,0,,14,14,110
2024-01-16,WN,N704WN,1044,MDW,LAS,1605,1613,1930,1938,0,,8,8,205
2024-01-16,WN,N704WN,1045,LAS,MDW,2000,2020,2325,2345,0,,20,20,205
2024-01-16,WN,N705WN,1050,MDW,ATL,0615,0624,0800,0809,0,,9,9,105
2024-01-16,WN,N705WN,1051,ATL,MDW,0830,0830,1015,1015,0,,0,0,105
2024-01-16,WN,N705WN,1052,MDW,STL,1045,1045,1150,1150,0,,0,0,65
2024-01-16,WN,N705WN,1053,STL,MDW,1220,1220,1325,1325,0,,0,0,65
2024-01-16,WN,N705WN,1054,MDW,DAL,1355,1355,1545,1545,0,,0,0,110
2024-01-16,WN,N705WN,1055,DAL,MDW,1615,1712,1805,1902,0,,57,57,110
2024-01-16,WN,N706WN,1060,MDW,MCI,0700,0700,0825,0825,0,,0,0,85
2024-01-16,WN,N706WN,1061,MCI,MDW,0855,0914,1020,1039,0,,19,19,85
2024-01-16,WN,N706WN,1062,MDW,LAS,1050,1106,1415,1431,0,,16,16,205
2024-01-16,WN,N706WN,1063,LAS,MDW,1445,1456,1810,1821,0,,11,11,205
2024-01-16,WN,N706WN,1064,MDW,LAS,1840,1901,2205,2226,0,,21,21,205
2024-01-16,WN,N706WN,1065,LAS,MDW,2235,2326,0200,0251,0,,51,51,205
2024-01-16,WN,N707WN,1070,MDW,ATL,0715,0754,0900,0939,0,,39,39,105
2024-01-16,WN,N707WN,1071,ATL,MDW,0930,0942,1115,1127,0,,12,12,105
2024-01-16,WN,N707WN,1072,MDW,STL,1145,1151,1250,1256,0,,6,6,65
2024-01-16,WN,N707WN,1073,STL,MDW,1320,1357,1425,1502,0,,37,37,65
2024-01-16,WN,N707WN,1074,MDW,DAL,1455,1553,1645,1743,0,,58,58,110
2024-01-16,WN,N707WN,1075,DAL,MDW,1715,1719,1905,1909,0,,4,4,110
2024-01-16,WN,N708WN,1080,MDW,STL,0530,0530,0635,0635,0,,0,0,65
2024-01-16,WN,N708WN,1081,STL,MDW,0705,0735,0810,0840,0,,30,30,65
2024-01-16,WN,N708WN,1082,MDW,ATL,0840,0852,1025,1037,0,,12,12,105
2024-01-16,WN,N708WN,1083,ATL,MDW,1055,1125,1240,1310,0,,30,30,105
2024-01-16,WN,N708WN,1084,MDW,DAL,1310,1358,1500,1548,0,,48,48,110
2024-01-16,WN,N708WN,1085,DAL,MDW,1530,1530,1720,1720,0,,0,0,110
2024-01-16,WN,N709WN,1090,MDW,BNA,0700,0731,0820,0851,0,,31,31,80
2024-01-16,WN,N709WN,1091,BNA,MDW,0850,0850,1010,1010,0,,0,0,80
2024-01-16,WN,N709WN,1092,MDW,DAL,1040,1058,1230,1248,0,,18,18,110
2024-01-16,WN,N709WN,1093,DAL,MDW,1300,1300,1450,1450,0,,0,0,110
2024-01-16,WN,N709WN,1094,MDW,LAS,1520,1537,1845,1902,0,,17,17,205
2024-01-16,WN,N709WN,1095,LAS,MDW,1915,1921,2240,2246,0,,6,6,205
2024-01-16,WN,N710WN,1100,MDW,PHX,0530,0545,0845,0900,0,,15,15,195
2024-01-16,WN,N710WN,1101,PHX,MDW,0915,0948,1230,1303,0,,33,33,195
2024-01-16,WN,N710WN,1102,MDW,BNA,1300,1300,1420,1420,0,,0,0,80
2024-01-16,WN,N710WN,1103,BNA,MDW,1450,1454,1610,1614,0,,4,4,80
2024-01-16,WN,N710WN,1104,MDW,LAS,1640,1715,2005,2040,0,,35,35,205
2024-01-16,WN,N710WN,1105,LAS,MDW,2035,2035,0000,0000,0,,0,0,205
2024-01-16,WN,N711WN,1110,MDW,MCI,0700,0707,0825,0832,0,,7,7,85
2024-01-16,WN,N711WN,1111,MCI,MDW,0855,0855,1020,1020,0,,0,0,85
2024-01-16,WN,N711WN,1112,MDW,STL,1050,1050,1155,1155,0,,0,0,65
2024-01-16,WN,N711WN,1113,STL,MDW,1225,1237,1330,1342,0,,12,12,65
2024-01-16,WN,N711WN,1114,MDW,PHX,1400,1436,1715,1751,0,,36,36,195
2024-01-16,WN,N711WN,1115,PHX,MDW,1745,1813,2100,2128,0,,28,28,195
2024-01-16,WN,N712WN,1120,MDW,DEN,0645,0645,0905,0905,0,,0,0,140
2024-01-16,WN,N712WN,1121,DEN,MDW,0935,1032,1155,1252,0,,57,57,140
2024-01-16,WN,N712WN,1122,MDW,MCI,1225,1253,1350,1418,0,,28,28,85
2024-01-16,WN,N712WN,1123,MCI,MDW,1420,1434,1545,1559,0,,14,14,85
2024-01-16,WN,N712WN,1124,MDW,LAS,1615,1628,1940,1953,0,,13,13,205
2024-01-16,WN,N712WN,1125,LAS,MDW,2010,2010,2335,2335,0,,0,0,205
2024-01-16,WN,N713WN,1130,MDW,PHX,0600,0600,0915,0915,0,,0,0,195
2024-01-16,WN,N713WN,1131,PHX,MDW,0945,1014,1300,1329,0,,29,29,195
2024-01-16,WN,N713WN,1132,MDW,ATL,1330,1345,1515,1530,0,,15,15,105
2024-01-16,WN,N713WN,1133,ATL,MDW,1545,1545,1730,1730,0,,0,0,105
2024-01-16,WN,N713WN,1134,MDW,ATL,1800,1801,1945,1946,0,,1,1,105
2024-01-16,WN,N713WN,1135,ATL,MDW,2015,2015,2200,2200,0,,0,0,105
2024-01-16,WN,N714WN,1140,MDW,MCI,0645,0645,0810,0810,0,,0,0,85
2024-01-16,WN,N714WN,1141,MCI,MDW,0840,0840,1005,1005,0,,0,0,85
2024-01-16,WN,N714WN,1142,MDW,MCI,1035,1035,1200,1200,0,,0,0,85
2024-01-16,WN,N714WN,1143,MCI,MDW,1230,1230,1355,1355,0,,0,0,85
2024-01-16,WN,N714WN,1144,MDW,BNA,1425,1438,1545,1558,0,,13,13,80
2024-01-16,WN,N714WN,1145,BNA,MDW,1615,1615,1735,1735,0,,0,0,80
2024-01-16,WN,N715WN,1150,MDW,ATL,0545,0556,0730,0741,0,,11,11,105
2024-01-16,WN,N715WN,1151,ATL,MDW,0800,0800,0945,0945,0,,0,0,105
2024-01-16,WN,N715WN,1152,MDW,PHX,1015,1017,1330,1332,0,,2,2,195
2024-01-16,WN,N715WN,1153,PHX,MDW,1400,1420,1715,1735,0,,20,20,195
2024-01-16,WN,N715WN,1154,MDW,STL,1745,1745,1850,1850,0,,0,0,65
2024-01-16,WN,N715WN,1155,STL,MDW,1920,2005,2025,2110,0,,45,45,65
2024-01-16,WN,N716WN,1160,MDW,DEN,0645,0730,0905,0950,0,,45,45,140
2024-01-16,WN,N716WN,1161,DEN,MDW,0935,1003,1155,1223,0,,28,28,140
2024-01-16,WN,N716WN,1162,MDW,ATL,1225,1307,1410,1452,0,,42,42,105
2024-01-16,WN,N716WN,1163,ATL,MDW,1440,1455,1625,1640,0,,15,15,105
2024-01-16,WN,N716WN,1164,MDW,DAL,1655,1715,1845,1905,0,,20,20,110
2024-01-16,WN,N716WN,1165,DAL,MDW,1915,1953,2105,2143,0,,38,38,110
2024-01-16,WN,N717WN,1170,MDW,DAL,0645,0656,0835,0846,0,,11,11,110
2024-01-16,WN,N717WN,1171,DAL,MDW,0905,0905,1055,1055,0,,0,0,110
2024-01-16,WN,N717WN,1172,MDW,ATL,1125,1153,1310,1338,0,,28,28,105
2024-01-16,WN,N717WN,1173,ATL,MDW,1340,1340,1525,1525,0,,0,0,105
2024-01-16,WN,N717WN,1174,MDW,STL,1555,1632,1700,1737,0,,37,37,65
2024-01-16,WN,N717WN,1175,STL,MDW,1730,1730,1835,1835,0,,0,0,65
2024-01-16,WN,N718WN,1180,MDW,ATL,0545,0545,0730,0730,0,,0,0,105
2024-01-16,WN,N718WN,1181,ATL,MDW,0800,0818,0945,1003,0,,18,18,105
2024-01-16,WN,N718WN,1182,MDW,BNA,1015,1038,1135,1158,0,,23,23,80
2024-01-16,WN,N718WN,1183,BNA,MDW,1205,1216,1325,1336,0,,11,11,80
2024-01-16,WN,N718WN,1184,MDW,ATL,1355,1418,1540,1603,0,,23,23,105
2024-01-16,WN,N718WN,1185,ATL,MDW,1610,1635,1755,1820,0,,25,25,105
2024-01-16,WN,N719WN,1190,MDW,BNA,0615,0643,0735,0803,0,,28,28,80
2024-01-16,WN,N719WN,1191,BNA,MDW,0805,0833,0925,0953,0,,28,28,80
2024-01-16,WN,N719WN,1192,MDW,MCI,0955,1007,1120,1132,0,,12,12,85
2024-01-16,WN,N719WN,1193,MCI,MDW,1150,1150,1315,1315,0,,0,0,85
2024-01-16,WN,N719WN,1194,MDW,PHX,1345,1440,1700,1755,0,,55,55,195
2024-01-16,WN,N719WN,1195,PHX,MDW,1730,1758,2045,2113,0,,28,28,195
2024-01-16,WN,N720WN,1200,MDW,DAL,0530,0530,0720,0720,0,,0,0,110
2024-01-16,WN,N720WN,1201,DAL,MDW,0750,0824,0940,1014,0,,34,34,110
2024-01-16,WN,N720WN,1202,MDW,DAL,1010,1011,1200,1201,0,,1,1,110
2024-01-16,WN,N720WN,1203,DAL,MDW,1230,1237,1420,1427,0,,7,7,110
2024-01-16,WN,N720WN,1204,MDW,ATL,1450,1519,1635,1704,0,,29,29,105
2024-01-16,WN,N720WN,1205,ATL,MDW,1705,1734,1850,1919,0,,29,29,105
2024-01-16,WN,N721WN,1210,MDW,DAL,0645,0740,0835,0930,0,,55,55,110
2024-01-16,WN,N721WN,1211,DAL,MDW,0905,0933,1055,1123,0,,28,28,110
2024-01-16,WN,N721WN,1212,MDW,MCI,1125,1133,1250,1258,0,,8,8,85
2024-01-16,WN,N721WN,1213,MCI,MDW,1320,1324,1445,1449,0,,4,4,85
2024-01-16,WN,N721WN,1214,MDW,ATL,1515,1614,1700,1759,0,,59,59,105
2024-01-16,WN,N721WN,1215,ATL,MDW,1730,1733,1915,1918,0,,3,3,105
2024-01-17,WN,N700WN,1000,MDW,DAL,0700,,0850,,1,C,,,110
2024-01-17,WN,N700WN,1001,DAL,MDW,0920,0955,1110,1145,0,,35,35,110
2024-01-17,WN,N700WN,1002,MDW,DEN,1140,1152,1400,1412,0,,12,12,140
2024-01-17,WN,N700WN,1003,DEN,MDW,1430,1502,1650,1722,0,,32,32,140
2024-01-17,WN,N700WN,1004,MDW,STL,1720,1727,1825,1832,0,,7,7,65
2024-01-17,WN,N700WN,1005,STL,MDW,1855,,2000,,1,B,,,65
2024-01-17,WN,N701WN,1010,MDW,ATL,0700,,0845,,1,B,,,105
2024-01-17,WN,N701WN,1011,ATL,MDW,0915,,1100,,1,B,,,105
2024-01-17,WN,N701WN,1012,MDW,DAL,1130,,1320,,1,B,,,110
2024-01-17,WN,N701WN,1013,DAL,MDW,1350,1447,1540,1637,0,,57,57,110
2024-01-17,WN,N701WN,1014,MDW,DEN,1610,1713,1830,1933,0,,63,63,140
2024-01-17,WN,N701WN,1015,DEN,MDW,1900,1906,2120,2126,0,,6,6,140
2024-01-17,WN,N702WN,1020,MDW,MCI,0530,0619,0655,0744,0,,49,49,85
2024-01-17,WN,N702WN,1021,MCI,MDW,0725,0742,0850,0907,0,,17,17,85
2024-01-17,WN,N702WN,1022,MDW,DEN,0920,1001,1140,1221,0,,41,41,140
2024-01-17,WN,N702WN,1023,DEN,MDW,1210,1224,1430,1444,0,,14,14,140
2024-01-17,WN,N702WN,1024,MDW,PHX,1500,,1815,,1,B,,,195
2024-01-17,WN,N702WN,1025,PHX,MDW,1845,1914,2200,2229,0,,29,29,195
2024-01-17,WN,N703WN,1030,MDW,BNA,0615,0638,0735,0758,0,,23,23,80
2024-01-17,WN,N703WN,1031,BNA,MDW,0805,,0925,,1,B,,,80
2024-01-17,WN,N703WN,1032,MDW,BNA,0955,,1115,,1,A,,,80
2024-01-17,WN,N703WN,1033,BNA,MDW,1145,1228,1305,1348,0,,43,43,80
2024-01-17,WN,N703WN,1034,MDW,DAL,1335,,1525,,1,A,,,110
2024-01-17,WN,N703WN,1035,DAL,MDW,1555,1724,1745,1914,0,,89,89,110
2024-01-17,WN,N704WN,1040,MDW,MCI,0545,,0710,,1,B,,,85
2024-01-17,WN,N704WN,1041,MCI,MDW,0740,0817,0905,0942,0,,37,37,85
2024-01-17,WN,N704WN,1042,MDW,DAL,0935,1001,1125,1151,0,,26,26,110
2024-01-17,WN,N704WN,1043,DAL,MDW,1155,1238,1345,1428,0,,43,43,110
2024-01-17,WN,N704WN,1044,MDW,BNA,1415,1415,1535,1535,0,,0,0,80
2024-01-17,WN,N704WN,1045,BNA,MDW,1605,1605,1725,1725,0,,0,0,80
2024-01-17,WN,N705WN,1050,MDW,BNA,0545,0718,0705,0838,0,,93,93,80
2024-01-17,WN,N705WN,1051,BNA,MDW,0735,0817,0855,0937,0,,42,42,80
2024-01-17,WN,N705WN,1052,MDW,DEN,0925,0925,1145,1145,0,,0,0,140
2024-01-17,WN,N705WN,1053,DEN,MDW,1215,1226,1435,1446,0,,11,11,140
2024-01-17,WN,N705WN,1054,MDW,DAL,1505,1542,1655,1732,0,,37,37,110
2024-01-17,WN,N705WN,1055,DAL,MDW,1725,1729,1915,1919,0,,4,4,110
2024-01-17,WN,N706WN,1060,MDW,ATL,0630,0630,0815,0815,0,,0,0,105
2024-01-17,WN,N706WN,1061,ATL,MDW,0845,0931,1030,1116,0,,46,46,105
2024-01-17,WN,N706WN,1062,MDW,LAS,1100,,1425,,1,C,,,205
2024-01-17,WN,N706WN,1063,LAS,MDW,1455,1534,1820,1859,0,,39,39,205
2024-01-17,WN,N706WN,1064,MDW,PHX,1850,1904,2205,2219,0,,14,14,195
2024-01-17,WN,N706WN,1065,PHX,MDW,2235,2256,0150,0211,0,,21,21,195
2024-01-17,WN,N707WN,1070,MDW,MCI,0700,0716,0825,0841,0,,16,16,85
2024-01-17,WN,N707WN,1071,MCI,MDW,0855,0855,1020,1020,0,,0,0,85
2024-01-17,WN,N707WN,1072,MDW,MCI,1050,,1215,,1,B,,,85
2024-01-17,WN,N707WN,1073,MCI,MDW,1245,1257,1410,1422,0,,12,12,85
2024-01-17,WN,N707WN,1074,MDW,PHX,1440,1507,1755,1822,0,,27,27,195
2024-01-17,WN,N707WN,1075,PHX,MDW,1825,1912,2140,2227,0,,47,47,195
2024-01-17,WN,N708WN,1080,MDW,PHX,0715,0746,1030,1101,0,,31,31,195
2024-01-17,WN,N708WN,1081,PHX,MDW,1100,,1415,,1,B,,,195
2024-01-17,WN,N708WN,1082,MDW,DEN,1445,1553,1705,1813,0,,68,68,140
2024-01-17,WN,N708WN,1083,DEN,MDW,1735,1746,1955,2006,0,,11,11,140
2024-01-17,WN,N708WN,1084,MDW,BNA,2025,2036,2145,2156,0,,11,11,80
2024-01-17,WN,N708WN,1085,BNA,MDW,2215,2226,2335,2346,0,,11,11,80
2024-01-17,WN,N709WN,1090,MDW,DAL,0530,0619,0720,0809,0,,49,49,110
2024-01-17,WN,N709WN,1091,DAL,MDW,0750,,0940,,1,B,,,110
2024-01-17,WN,N709WN,1092,MDW,MCI,1010,,1135,,1,A,,,85
2024-01-17,WN,N709WN,1093,MCI,MDW,1205,1205,1330,1330,0,,0,0,85
2024-01-17,WN,N709WN,1094,MDW,MCI,1400,1417,1525,1542,0,,17,17,85
2024-01-17,WN,N709WN,1095,MCI,MDW,1555,1639,1720,1804,0,,44,44,85
2024-01-17,WN,N710WN,1100,MDW,DEN,0615,,0835,,1,B,,,140
2024-01-17,WN,N710WN,1101,DEN,MDW,0905,1000,1125,1220,0,,55,55,140
2024-01-17,WN,N710WN,1102,MDW,MCI,1155,1248,1320,1413,0,,53,53,85
2024-01-17,WN,N710WN,1103,MCI,MDW,1350,1353,1515,1518,0,,3,3,85
2024-01-17,WN,N710WN,1104,MDW,MCI,1545,1638,1710,1803,0,,53,53,85
2024-01-17,WN,N710WN,1105,MCI,MDW,1740,1813,1905,1938,0,,33,33,85
2024-01-17,WN,N711WN,1110,MDW,PHX,0545,0602,0900,0917,0,,17,17,195
2024-01-17,WN,N711WN,1111,PHX,MDW,0930,1028,1245,1343,0,,58,58,195
2024-01-17,WN,N711WN,1112,MDW,LAS,1315,1321,1640,1646,0,,6,6,205
2024-01-17,WN,N711WN,1113,LAS,MDW,1710,1728,2035,2053,0,,18,18,205
2024-01-17,WN,N711WN,1114,MDW,STL,2105,2201,2210,2306,0,,56,56,65
2024-01-17,WN,N711WN,1115,STL,MDW,2240,,2345,,1,C,,,65
2024-01-17,WN,N712WN,1120,MDW,LAS,0600,0611,0925,0936,0,,11,11,205
2024-01-17,WN,N712WN,1121,LAS,MDW,0955,1011,1320,1336,0,,16,16,205
2024-01-17,WN,N712WN,1122,MDW,STL,1350,1357,1455,1502,0,,7,7,65
2024-01-17,WN,N712WN,1123,STL,MDW,1525,1604,1630,1709,0,,39,39,65
2024-01-17,WN,N712WN,1124,MDW,MCI,1700,1719,1825,1844,0,,19,19,85
2024-01-17,WN,N712WN,1125,MCI,MDW,1855,1913,2020,2038,0,,18,18,85
2024-01-17,WN,N713WN,1130,MDW,STL,0700,0806,0805,0911,0,,66,66,65
2024-01-17,WN,N713WN,1131,STL,MDW,0835,0916,0940,1021,0,,41,41,65
2024-01-17,WN,N713WN,1132,MDW,LAS,1010,1101,1335,1426,0,,51,51,205
2024-01-17,WN,N713WN,1133,LAS,MDW,1405,1420,1730,1745,0,,15,15,205
2024-01-17,WN,N713WN,1134,MDW,DAL,1800,,1950,,1,A,,,110
2024-01-17,WN,N713WN,1135,DAL,MDW,2020,2123,2210,2313,0,,63,63,110
2024-01-17,WN,N714WN,1140,MDW,DEN,0530,0544,0750,0804,0,,14,14,140
2024-01-17,WN,N714WN,1141,DEN,MDW,0820,0841,1040,1101,0,,21,21,140
2024-01-17,WN,N714WN,1142,MDW,LAS,1110,1117,1435,1442,0,,7,7,205
2024-01-17,WN,N714WN,1143,LAS,MDW,1505,,1830,,1,A,,,205
2024-01-17,WN,N714WN,1144,MDW,MCI,1900,1918,2025,2043,0,,18,18,85
2024-01-17,WN,N714WN,1145,MCI,MDW,2055,2203,2220,2328,0,,68,68,85
2024-01-17,WN,N715WN,1150,MDW,PHX,0615,0655,0930,1010,0,,40,40,195
2024-01-17,WN,N715WN,1151,PHX,MDW,1000,1034,1315,1349,0,,34,34,195
2024-01-17,WN,N715WN,1152,MDW,DAL,1345,,1535,,1,A,,,110
2024-01-17,WN,N715WN,1153,DAL,MDW,1605,1628,1755,1818,0,,23,23,110
2024-01-17,WN,N715WN,1154,MDW,PHX,1825,1907,2140,2222,0,,42,42,195
2024-01-17,WN,N715WN,1155,PHX,MDW,2210,2227,0125,0142,0,,17,17,195
2024-01-17,WN,N716WN,1160,MDW,PHX,0545,0620,0900,0935,0,,35,35,195
2024-01-17,WN,N716WN,1161,PHX,MDW,0930,1014,1245,1329,0,,44,44,195
2024-01-17,WN,N716WN,1162,MDW,DAL,1315,1336,1505,1526,0,,21,21,110
2024-01-17,WN,N716WN,1163,DAL,MDW,1535,1559,1725,1749,0,,24,24,110
2024-01-17,WN,N716WN,1164,MDW,STL,1755,,1900,,1,B,,,65
2024-01-17,WN,N716WN,1165,STL,MDW,1930,2001,2035,2106,0,,31,31,65
2024-01-17,WN,N717WN,1170,MDW,DEN,0700,,0920,,1,C,,,140
2024-01-17,WN,N717WN,1171,DEN,MDW,0950,,1210,,1,B,,,140
2024-01-17,WN,N717WN,1172,MDW,DAL,1240,1246,1430,1436,0,,6,6,110
2024-01-17,WN,N717WN,1173,DAL,MDW,1500,1538,1650,1728,0,,38,38,110
2024-01-17,WN,N717WN,1174,MDW,STL,1720,1750,1825,1855,0,,30,30,65
2024-01-17,WN,N717WN,1175,STL,MDW,1855,1929,2000,2034,0,,34,34,65
2024-01-17,WN,N718WN,1180,MDW,ATL,0715,,0900,,1,B,,,105
2024-01-17,WN,N718WN,1181,ATL,MDW,0930,1013,1115,1158,0,,43,43,105
2024-01-17,WN,N718WN,1182,MDW,STL,1145,1156,1250,1301,0,,11,11,65
2024-01-17,WN,N718WN,1183,STL,MDW,1320,1321,1425,1426,0,,1,1,65
2024-01-17,WN,N718WN,1184,MDW,DAL,1455,1533,1645,1723,0,,38,38,110
2024-01-17,WN,N718WN,1185,DAL,MDW,1715,1724,1905,1914,0,,9,9,110
2024-01-17,WN,N719WN,1190,MDW,BNA,0645,,0805,,1,B,,,80
2024-01-17,WN,N719WN,1191,BNA,MDW,0835,0927,0955,1047,0,,52,52,80
2024-01-17,WN,N719WN,1192,MDW,STL,1025,,1130,,1,B,,,65
2024-01-17,WN,N719WN,1193,STL,MDW,1200,,1305,,1,A,,,65
2024-01-17,WN,N719WN,1194,MDW,STL,1335,,1440,,1,C,,,65
2024-01-17,WN,N719WN,1195,STL,MDW,1510,1535,1615,1640,0,,25,25,65
2024-01-17,WN,N720WN,1200,MDW,DEN,0530,0535,0750,0755,0,,5,5,140
2024-01-17,WN,N720WN,1201,DEN,MDW,0820,0831,1040,1051,0,,11,11,140
2024-01-17,WN,N720WN,1202,MDW,DAL,1110,,1300,,1,A,,,110
2024-01-17,WN,N720WN,1203,DAL,MDW,1330,1408,1520,1558,0,,38,38,110
2024-01-17,WN,N720WN,1204,MDW,DAL,1550,1555,1740,1745,0,,5,5,110
2024-01-17,WN,N720WN,1205,DAL,MDW,1810,1826,2000,2016,0,,16,16,110
2024-01-17,WN,N721WN,1210,MDW,BNA,0645,0653,0805,0813,0,,8,8,80
2024-01-17,WN,N721WN,1211,BNA,MDW,0835,0854,0955,1014,0,,19,19,80
2024-01-17,WN,N721WN,1212,MDW,DEN,1025,1026,1245,1246,0,,1,1,140
2024-01-17,WN,N721WN,1213,DEN,MDW,1315,1327,1535,1547,0,,12,12,140
2024-01-17,WN,N721WN,1214,MDW,ATL,1605,1710,1750,1855,0,,65,65,105
2024-01-17,WN,N721WN,1215,ATL,MDW,1820,1838,2005,2023,0,,18,18,105
2024-01-18,WN,N700WN,1000,MDW,DEN,0530,0531,0750,0751,0,,1,1,140
2024-01-18,WN,N700WN,1001,DEN,MDW,0820,0847,1040,1107,0,,27,27,140
2024-01-18,WN,N700WN,1002,MDW,LAS,1110,1209,1435,1534,0,,59,59,205
2024-01-18,WN,N700WN,1003,LAS,MDW,1505,,1830,,1,B,,,205
2024-01-18,WN,N700WN,1004,MDW,MCI,1900,1900,2025,2025,0,,0,0,85
2024-01-18,WN,N700WN,1005,MCI,MDW,2055,2111,2220,2236,0,,16,16,85
2024-01-18,WN,N701WN,1010,MDW,LAS,0545,0605,0910,0930,0,,20,20,205
2024-01-18,WN,N701WN,1011,LAS,MDW,0940,1037,1305,1402,0,,57,57,205
2024-01-18,WN,N701WN,1012,MDW,DEN,1335,,1555,,1,B,,,140
2024-01-18,WN,N701WN,1013,DEN,MDW,1625,1636,1845,1856,0,,11,11,140
2024-01-18,WN,N701WN,1014,MDW,DEN,1915,1915,2135,2135,0,,0,0,140
2024-01-18,WN,N701WN,1015,DEN,MDW,2205,2259,0025,0119,0,,54,54,140
2024-01-18,WN,N702WN,1020,MDW,DEN,0700,0728,0920,0948,0,,28,28,140
2024-01-18,WN,N702WN,1021,DEN,MDW,0950,1035,1210,1255,0,,45,45,140
2024-01-18,WN,N702WN,1022,MDW,PHX,1240,1327,1555,1642,0,,47,47,195
2024-01-18,WN,N702WN,1023,PHX,MDW,1625,,1940,,1,B,,,195
2024-01-18,WN,N702WN,1024,MDW,ATL,2010,2017,2155,2202,0,,7,7,105
2024-01-18,WN,N702WN,1025,ATL,MDW,2225,2319,0010,0104,0,,54,54,105
2024-01-18,WN,N703WN,1030,MDW,ATL,0700,0751,0845,0936,0,,51,51,105
2024-01-18,WN,N703WN,1031,ATL,MDW,0915,,1100,,1,A,,,105
2024-01-18,WN,N703WN,1032,MDW,MCI,1130,1201,1255,1326,0,,31,31,85
2024-01-18,WN,N703WN,1033,MCI,MDW,1325,,1450,,1,A,,,85
2024-01-18,WN,N703WN,1034,MDW,BNA,1520,1540,1640,1700,0,,20,20,80
2024-01-18,WN,N703WN,1035,BNA,MDW,1710,1737,1830,1857,0,,27,27,80
2024-01-18,WN,N704WN,1040,MDW,DAL,0615,0615,0805,0805,0,,0,0,110
2024-01-18,WN,N704WN,1041,DAL,MDW,0835,0838,1025,1028,0,,3,3,110
2024-01-18,WN,N704WN,1042,MDW,ATL,1055,1141,1240,1326,0,,46,46,105
2024-01-18,WN,N704WN,1043,ATL,MDW,1310,1344,1455,1529,0,,34,34,105
2024-01-18,WN,N704WN,1044,MDW,DEN,1525,1541,1745,1801,0,,16,16,140
2024-01-18,WN,N704WN,1045,DEN,MDW,1815,1837,2035,2057,0,,22,22,140
2024-01-18,WN,N705WN,1050,MDW,BNA,0630,0651,0750,0811,0,,21,21,80
2024-01-18,WN,N705WN,1051,BNA,MDW,0820,,0940,,1,A,,,80
2024-01-18,WN,N705WN,1052,MDW,PHX,1010,1054,1325,1409,0,,44,44,195
2024-01-18,WN,N705WN,1053,PHX,MDW,1355,1402,1710,1717,0,,7,7,195
2024-01-18,WN,N705WN,1054,MDW,PHX,1740,1838,2055,2153,0,,58,58,195
2024-01-18,WN,N705WN,1055,PHX,MDW,2125,2129,0040,0044,0,,4,4,195
2024-01-18,WN,N706WN,1060,MDW,DAL,0600,,0750,,1,C,,,110
2024-01-18,WN,N706WN,1061,DAL,MDW,0820,0912,1010,1102,0,,52,52,110
2024-01-18,WN,N706WN,1062,MDW,MCI,1040,1058,1205,1223,0,,18,18,85
2024-01-18,WN,N706WN,1063,MCI,MDW,1235,1316,1400,1441,0,,41,41,85
2024-01-18,WN,N706WN,1064,MDW,STL,1430,1522,1535,1627,0,,52,52,65
2024-01-18,WN,N706WN,1065,STL,MDW,1605,1634,1710,1739,0,,29,29,65
2024-01-18,WN,N707WN,1070,MDW,DEN,0530,0551,0750,0811,0,,21,21,140
2024-01-18,WN,N707WN,1071,DEN,MDW,0820,,1040,,1,B,,,140
2024-01-18,WN,N707WN,1072,MDW,ATL,1110,1211,1255,1356,0,,61,61,105
2024-01-18,WN,N707WN,1073,ATL,MDW,1325,1404,1510,1549,0,,39,39,105
2024-01-18,WN,N707WN,1074,MDW,MCI,1540,1556,1705,1721,0,,16,16,85
2024-01-18,WN,N707WN,1075,MCI,MDW,1735,1747,1900,1912,0,,12,12,85
2024-01-18,WN,N708WN,1080,MDW,STL,0530,0541,0635,0646,0,,11,11,65
2024-01-18,WN,N708WN,1081,STL,MDW,0705,0731,0810,0836,0,,26,26,65
2024-01-18,WN,N708WN,1082,MDW,PHX,0840,0852,1155,1207,0,,12,12,195
2024-01-18,WN,N708WN,1083,PHX,MDW,1225,1246,1540,1601,0,,21,21,195
2024-01-18,WN,N708WN,1084,MDW,ATL,1610,1704,1755,1849,0,,54,54,105
2024-01-18,WN,N708WN,1085,ATL,MDW,1825,1830,2010,2015,0,,5,5,105
2024-01-18,WN,N709WN,1090,MDW,ATL,0615,0713,0800,0858,0,,58,58,105
2024-01-18,WN,N709WN,1091,ATL,MDW,0830,0945,1015,1130,0,,75,75,105
2024-01-18,WN,N709WN,1092,MDW,PHX,1045,1105,1400,1420,0,,20,20,195
2024-01-18,WN,N709WN,1093,PHX,MDW,1430,1513,1745,1828,0,,43,43,195
2024-01-18,WN,N709WN,1094,MDW,PHX,1815,1850,2130,2205,0,,35,35,195
2024-01-18,WN,N709WN,1095,PHX,MDW,2200,2229,0115,0144,0,,29,29,195
2024-01-18,WN,N710WN,1100,MDW,PHX,0645,0649,1000,1004,0,,4,4,195
2024-01-18,WN,N710WN,1101,PHX,MDW,1030,1054,1345,1409,0,,24,24,195
2024-01-18,WN,N710WN,1102,MDW,STL,1415,1415,1520,1520,0,,0,0,65
2024-01-18,WN,N710WN,1103,STL,MDW,1550,1603,1655,1708,0,,13,13,65
2024-01-18,WN,N710WN,1104,MDW,PHX,1725,1725,2040,2040,0,,0,0,195
2024-01-18,WN,N710WN,1105,PHX,MDW,2110,2135,0025,0050,0,,25,25,195
2024-01-18,WN,N711WN,1110,MDW,DEN,0700,0723,0920,0943,0,,23,23,140
2024-01-18,WN,N711WN,1111,DEN,MDW,0950,,1210,,1,A,,,140
2024-01-18,WN,N711WN,1112,MDW,LAS,1240,,1605,,1,B,,,205
2024-01-18,WN,N711WN,1113,LAS,MDW,1635,1733,2000,2058,0,,58,58,205
2024-01-18,WN,N711WN,1114,MDW,BNA,2030,2113,2150,2233,0,,43,43,80
2024-01-18,WN,N711WN,1115,BNA,MDW,2220,2237,2340,2357,0,,17,17,80
2024-01-18,WN,N712WN,1120,MDW,ATL,0600,,0745,,1,B,,,105
2024-01-18,WN,N712WN,1121,ATL,MDW,0815,0833,1000,1018,0,,18,18,105
2024-01-18,WN,N712WN,1122,MDW,PHX,1030,1041,1345,1356,0,,11,11,195
2024-01-18,WN,N712WN,1123,PHX,MDW,1415,,1730,,1,B,,,195
2024-01-18,WN,N712WN,1124,MDW,STL,1800,1813,1905,1918,0,,13,13,65
2024-01-18,WN,N712WN,1125,STL,MDW,1935,1935,2040,2040,0,,0,0,65
2024-01-18,WN,N713WN,1130,MDW,MCI,0615,0722,0740,0847,0,,67,67,85
2024-01-18,WN,N713WN,1131,MCI,MDW,0810,0810,0935,0935,0,,0,0,85
2024-01-18,WN,N713WN,1132,MDW,ATL,1005,,1150,,1,C,,,105
2024-01-18,WN,N713WN,1133,ATL,MDW,1220,1245,1405,1430,0,,25,25,105
2024-01-18,WN,N713WN,1134,MDW,DAL,1435,1453,1625,1643,0,,18,18,110
2024-01-18,WN,N713WN,1135,DAL,MDW,1655,1655,1845,1845,0,,0,0,110
2024-01-18,WN,N714WN,1140,MDW,ATL,0715,,0900,,1,B,,,105
2024-01-18,WN,N714WN,1141,ATL,MDW,0930,1031,1115,1216,0,,61,61,105
2024-01-18,WN,N714WN,1142,MDW,BNA,1145,1155,1305,1315,0,,10,10,80
2024-01-18,WN,N714WN,1143,BNA,MDW,1335,1425,1455,1545,0,,50,50,80
2024-01-18,WN,N714WN,1144,MDW,ATL,1525,1627,1710,1812,0,,62,62,105
2024-01-18,WN,N714WN,1145,ATL,MDW,1740,1847,1925,2032,0,,67,67,105
2024-01-18,WN,N715WN,1150,MDW,LAS,0715,0759,1040,1124,0,,44,44,205
2024-01-18,WN,N715WN,1151,LAS,MDW,1110,1110,1435,1435,0,,0,0,205
2024-01-18,WN,N715WN,1152,MDW,ATL,1505,1519,1650,1704,0,,14,14,105
2024-01-18,WN,N715WN,1153,ATL,MDW,1720,1756,1905,1941,0,,36,36,105
2024-01-18,WN,N715WN,1154,MDW,ATL,1935,2010,2120,2155,0,,35,35,105
2024-01-18,WN,N715WN,1155,ATL,MDW,2150,2237,2335,0022,0,,47,47,105
2024-01-18,WN,N716WN,1160,MDW,DEN,0645,0650,0905,0910,0,,5,5,140
2024-01-18,WN,N716WN,1161,DEN,MDW,0935,0947,1155,1207,0,,12,12,140
2024-01-18,WN,N716WN,1162,MDW,LAS,1225,1225,1550,1550,0,,0,0,205
2024-01-18,WN,N716WN,1163,LAS,MDW,1620,1706,1945,2031,0,,46,46,205
2024-01-18,WN,N716WN,1164,MDW,DEN,2015,2100,2235,2320,0,,45,45,140
2024-01-18,WN,N716WN,1165,DEN,MDW,2305,2324,0125,0144,0,,19,19,140
2024-01-18,WN,N717WN,1170,MDW,DAL,0530,0536,0720,0726,0,,6,6,110
2024-01-18,WN,N717WN,1171,DAL,MDW,0750,0825,0940,1015,0,,35,35,110
2024-01-18,WN,N717WN,1172,MDW,ATL,1010,,1155,,1,B,,,105
2024-01-18,WN,N717WN,1173,ATL,MDW,1225,1253,1410,1438,0,,28,28,105
2024-01-18,WN,N717WN,1174,MDW,DEN,1440,1448,1700,1708,0,,8,8,140
2024-01-18,WN,N717WN,1175,DEN,MDW,1730,1731,1950,1951,0,,1,1,140
2024-01-18,WN,N718WN,1180,MDW,PHX,0600,,0915,,1,A,,,195
2024-01-18,WN,N718WN,1181,PHX,MDW,0945,0947,1300,1302,0,,2,2,195
2024-01-18,WN,N718WN,1182,MDW,BNA,1330,1330,1450,1450,0,,0,0,80
2024-01-18,WN,N718WN,1183,BNA,MDW,1520,1539,1640,1659,0,,19,19,80
2024-01-18,WN,N718WN,1184,MDW,DEN,1710,1754,1930,2014,0,,44,44,140
2024-01-18,WN,N718WN,1185,DEN,MDW,2000,2053,2220,2313,0,,53,53,140
2024-01-18,WN,N719WN,1190,MDW,DEN,0615,0653,0835,0913,0,,38,38,140
2024-01-18,WN,N719WN,1191,DEN,MDW,0905,,1125,,1,B,,,140
2024-01-18,WN,N719WN,1192,MDW,PHX,1155,1155,1510,1510,0,,0,0,195
2024-01-18,WN,N719WN,1193,PHX,MDW,1540,1612,1855,1927,0,,32,32,195
2024-01-18,WN,N719WN,1194,MDW,DAL,1925,1946,2115,2136,0,,21,21,110
2024-01-18,WN,N719WN,1195,DAL,MDW,2145,2214,2335,0004,0,,29,29,110
2024-01-18,WN,N720WN,1200,MDW,LAS,0700,0722,1025,1047,0,,22,22,205
2024-01-18,WN,N720WN,1201,LAS,MDW,1055,,1420,,1,A,,,205
2024-01-18,WN,N720WN,1202,MDW,PHX,1450,1531,1805,1846,0,,41,41,195
2024-01-18,WN,N720WN,1203,PHX,MDW,1835,1902,2150,2217,0,,27,27,195
2024-01-18,WN,N720WN,1204,MDW,DEN,2220,2249,0040,0109,0,,29,29,140
2024-01-18,WN,N720WN,1205,DEN,MDW,0110,0200,0330,0420,0,,50,50,140
2024-01-18,WN,N721WN,1210,MDW,LAS,0545,0600,0910,0925,0,,15,15,205
2024-01-18,WN,N721WN,1211,LAS,MDW,0940,,1305,,1,B,,,205
2024-01-18,WN,N721WN,1212,MDW,DAL,1335,,1525,,1,B,,,110
2024-01-18,WN,N721WN,1213,DAL,MDW,1555,1632,1745,1822,0,,37,37,110
2024-01-18,WN,N721WN,1214,MDW,DEN,1815,1825,2035,2045,0,,10,10,140
2024-01-18,WN,N721WN,1215,DEN,MDW,2105,2106,2325,2326,0,,1,1,140
2024-01-19,WN,N700WN,1000,MDW,ATL,0630,0640,0815,0825,0,,10,10,105
2024-01-19,WN,N700WN,1001,ATL,MDW,0845,0854,1030,1039,0,,9,9,105
2024-01-19,WN,N700WN,1002,MDW,DAL,1100,1100,1250,1250,0,,0,0,110
2024-01-19,WN,N700WN,1003,DAL,MDW,1320,1330,1510,1520,0,,10,10,110
2024-01-19,WN,N700WN,1004,MDW,STL,1540,1547,1645,1652,0,,7,7,65
2024-01-19,WN,N700WN,1005,STL,MDW,1715,1715,1820,1820,0,,0,0,65
2024-01-19,WN,N701WN,1010,MDW,MCI,0630,0630,0755,0755,0,,0,0,85
2024-01-19,WN,N701WN,1011,MCI,MDW,0825,0904,0950,1029,0,,39,39,85
2024-01-19,WN,N701WN,1012,MDW,MCI,1020,1130,1145,1255,0,,70,70,85
2024-01-19,WN,N701WN,1013,MCI,MDW,1215,1215,1340,1340,0,,0,0,85
2024-01-19,WN,N701WN,1014,MDW,DAL,1410,1417,1600,1607,0,,7,7,110
2024-01-19,WN,N701WN,1015,DAL,MDW,1630,1648,1820,1838,0,,18,18,110
2024-01-19,WN,N702WN,1020,MDW,DEN,0715,0734,0935,0954,0,,19,19,140
2024-01-19,WN,N702WN,1021,DEN,MDW,1005,1047,1225,1307,0,,42,42,140
2024-01-19,WN,N702WN,1022,MDW,STL,1255,1256,1400,1401,0,,1,1,65
2024-01-19,WN,N702WN,1023,STL,MDW,1430,1430,1535,1535,0,,0,0,65
2024-01-19,WN,N702WN,1024,MDW,PHX,1605,1611,1920,1926,0,,6,6,195
2024-01-19,WN,N702WN,1025,PHX,MDW,1950,1950,2305,2305,0,,0,0,195
2024-01-19,WN,N703WN,1030,MDW,DEN,0530,0552,0750,0812,0,,22,22,140
2024-01-19,WN,N703WN,1031,DEN,MDW,0820,0820,1040,1040,0,,0,0,140
2024-01-19,WN,N703WN,1032,MDW,DEN,1110,1119,1330,1339,0,,9,9,140
2024-01-19,WN,N703WN,1033,DEN,MDW,1400,1433,1620,1653,0,,33,33,140
2024-01-19,WN,N703WN,1034,MDW,DEN,1650,1650,1910,1910,0,,0,0,140
2024-01-19,WN,N703WN,1035,DEN,MDW,1940,1940,2200,2200,0,,0,0,140
2024-01-19,WN,N704WN,1040,MDW,STL,0615,0630,0720,0735,0,,15,15,65
2024-01-19,WN,N704WN,1041,STL,MDW,0750,0750,0855,0855,0,,0,0,65
2024-01-19,WN,N704WN,1042,MDW,STL,0925,0925,1030,1030,0,,0,0,65
2024-01-19,WN,N704WN,1043,STL,MDW,1100,1100,1205,1205,0,,0,0,65
2024-01-19,WN,N704WN,1044,MDW,PHX,1235,1235,1550,1550,0,,0,0,195
2024-01-19,WN,N704WN,1045,PHX,MDW,1620,1708,1935,2023,0,,48,48,195
2024-01-19,WN,N705WN,1050,MDW,BNA,0715,0757,0835,0917,0,,42,42,80
2024-01-19,WN,N705WN,1051,BNA,MDW,0905,0906,1025,1026,0,,1,1,80
2024-01-19,WN,N705WN,1052,MDW,MCI,1055,1057,1220,1222,0,,2,2,85
2024-01-19,WN,N705WN,1053,MCI,MDW,1250,1250,1415,1415,0,,0,0,85
2024-01-19,WN,N705WN,1054,MDW,DAL,1445,,1635,,1,C,,,110
2024-01-19,WN,N705WN,1055,DAL,MDW,1705,1705,1855,1855,0,,0,0,110
2024-01-19,WN,N706WN,1060,MDW,STL,0530,0556,0635,0701,0,,26,26,65
2024-01-19,WN,N706WN,1061,STL,MDW,0705,0705,0810,0810,0,,0,0,65
2024-01-19,WN,N706WN,1062,MDW,STL,0840,0840,0945,0945,0,,0,0,65
2024-01-19,WN,N706WN,1063,STL,MDW,1015,1015,1120,1120,0,,0,0,65
2024-01-19,WN,N706WN,1064,MDW,DEN,1150,1159,1410,1419,0,,9,9,140
2024-01-19,WN,N706WN,1065,DEN,MDW,1440,1440,1700,1700,0,,0,0,140
2024-01-19,WN,N707WN,1070,MDW,DEN,0615,0645,0835,0905,0,,30,30,140
2024-01-19,WN,N707WN,1071,DEN,MDW,0905,0908,1125,1128,0,,3,3,140
2024-01-19,WN,N707WN,1072,MDW,DAL,1155,1155,1345,1345,0,,0,0,110
2024-01-19,WN,N707WN,1073,DAL,MDW,1415,1443,1605,1633,0,,28,28,110
2024-01-19,WN,N707WN,1074,MDW,STL,1635,1647,1740,1752,0,,12,12,65
2024-01-19,WN,N707WN,1075,STL,MDW,1810,1832,1915,1937,0,,22,22,65
2024-01-19,WN,N708WN,1080,MDW,MCI,0615,0619,0740,0744,0,,4,4,85
2024-01-19,WN,N708WN,1081,MCI,MDW,0810,0906,0935,1031,0,,56,56,85
2024-01-19,WN,N708WN,1082,MDW,LAS,1005,1020,1330,1345,0,,15,15,205
2024-01-19,WN,N708WN,1083,LAS,MDW,1400,1400,1725,1725,0,,0,0,205
2024-01-19,WN,N708WN,1084,MDW,DEN,1755,1835,2015,2055,0,,40,40,140
2024-01-19,WN,N708WN,1085,DEN,MDW,2045,2103,2305,2323,0,,18,18,140
2024-01-19,WN,N709WN,1090,MDW,MCI,0715,0722,0840,0847,0,,7,7,85
2024-01-19,WN,N709WN,1091,MCI,MDW,0910,0951,1035,1116,0,,41,41,85
2024-01-19,WN,N709WN,1092,MDW,PHX,1105,1123,1420,1438,0,,18,18,195
2024-01-19,WN,N709WN,1093,PHX,MDW,1450,1527,1805,1842,0,,37,37,195
2024-01-19,WN,N709WN,1094,MDW,DEN,1835,1835,2055,2055,0,,0,0,140
2024-01-19,WN,N709WN,1095,DEN,MDW,2125,2125,2345,2345,0,,0,0,140
2024-01-19,WN,N710WN,1100,MDW,STL,0715,0718,0820,0823,0,,3,3,65
2024-01-19,WN,N710WN,1101,STL,MDW,0850,0900,0955,1005,0,,10,10,65
2024-01-19,WN,N710WN,1102,MDW,LAS,1025,1033,1350,1358,0,,8,8,205
2024-01-19,WN,N710WN,1103,LAS,MDW,1420,1420,1745,1745,0,,0,0,205
2024-01-19,WN,N710WN,1104,MDW,DEN,1815,1818,2035,2038,0,,3,3,140
2024-01-19,WN,N710WN,1105,DEN,MDW,2105,2120,2325,2340,0,,15,15,140
2024-01-19,WN,N711WN,1110,MDW,MCI,0715,0753,0840,0918,0,,38,38,85
2024-01-19,WN,N711WN,1111,MCI,MDW,0910,0942,1035,1107,0,,32,32,85
2024-01-19,WN,N711WN,1112,MDW,STL,1105,1122,1210,1227,0,,17,17,65
2024-01-19,WN,N711WN,1113,STL,MDW,1240,1310,1345,1415,0,,30,30,65
2024-01-19,WN,N711WN,1114,MDW,BNA,1415,1415,1535,1535,0,,0,0,80
2024-01-19,WN,N711WN,1115,BNA,MDW,1605,1605,1725,1725,0,,0,0,80
2024-01-19,WN,N712WN,1120,MDW,DEN,0700,0709,0920,0929,0,,9,9,140
2024-01-19,WN,N712WN,1121,DEN,MDW,0950,1021,1210,1241,0,,31,31,140
2024-01-19,WN,N712WN,1122,MDW,MCI,1240,1253,1405,1418,0,,13,13,85
2024-01-19,WN,N712WN,1123,MCI,MDW,1435,1435,1600,1600,0,,0,0,85
2024-01-19,WN,N712WN,1124,MDW,BNA,1630,1700,1750,1820,0,,30,30,80
2024-01-19,WN,N712WN,1125,BNA,MDW,1820,1820,1940,1940,0,,0,0,80
2024-01-19,WN,N713WN,1130,MDW,DAL,0530,0601,0720,0751,0,,31,31,110
2024-01-19,WN,N713WN,1131,DAL,MDW,0750,0750,0940,0940,0,,0,0,110
2024-01-19,WN,N713WN,1132,MDW,DAL,1010,1010,1200,1200,0,,0,0,110
2024-01-19,WN,N713WN,1133,DAL,MDW,1230,1251,1420,1441,0,,21,21,110
2024-01-19,WN,N713WN,1134,MDW,DAL,1450,1508,1640,1658,0,,18,18,110
2024-01-19,WN,N713WN,1135,DAL,MDW,1710,1710,1900,1900,0,,0,0,110
2024-01-19,WN,N714WN,1140,MDW,PHX,0615,0615,0930,0930,0,,0,0,195
2024-01-19,WN,N714WN,1141,PHX,MDW,1000,1018,1315,1333,0,,18,18,195
2024-01-19,WN,N714WN,1142,MDW,BNA,1345,1345,1505,1505,0,,0,0,80
2024-01-19,WN,N714WN,1143,BNA,MDW,1535,1546,1655,1706,0,,11,11,80
2024-01-19,WN,N714WN,1144,MDW,DEN,1725,1725,1945,1945,0,,0,0,140
2024-01-19,WN,N714WN,1145,DEN,MDW,2015,2102,2235,2322,0,,47,47,140
2024-01-19,WN,N715WN,1150,MDW,PHX,0530,0533,0845,0848,0,,3,3,195
2024-01-19,WN,N715WN,1151,PHX,MDW,0915,0933,1230,1248,0,,18,18,195
2024-01-19,WN,N715WN,1152,MDW,STL,1300,1300,1405,1405,0,,0,0,65
2024-01-19,WN,N715WN,1153,STL,MDW,1435,1450,1540,1555,0,,15,15,65
2024-01-19,WN,N715WN,1154,MDW,LAS,1610,1610,1935,1935,0,,0,0,205
2024-01-19,WN,N715WN,1155,LAS,MDW,2005,2005,2330,2330,0,,0,0,205
2024-01-19,WN,N716WN,1160,MDW,ATL,0700,0700,0845,0845,0,,0,0,105
2024-01-19,WN,N716WN,1161,ATL,MDW,0915,0933,1100,1118,0,,18,18,105
2024-01-19,WN,N716WN,1162,MDW,MCI,1130,1130,1255,1255,0,,0,0,85
2024-01-19,WN,N716WN,1163,MCI,MDW,1325,1325,1450,1450,0,,0,0,85
2024-01-19,WN,N716WN,1164,MDW,LAS,1520,1539,1845,1904,0,,19,19,205
2024-01-19,WN,N716WN,1165,LAS,MDW,1915,1915,2240,2240,0,,0,0,205
2024-01-19,WN,N717WN,1170,MDW,LAS,0615,0640,0940,1005,0,,25,25,205
2024-01-19,WN,N717WN,1171,LAS,MDW,1010,1012,1335,1337,0,,2,2,205
2024-01-19,WN,N717WN,1172,MDW,MCI,1405,1405,1530,1530,0,,0,0,85
2024-01-19,WN,N717WN,1173,MCI,MDW,1600,1639,1725,1804,0,,39,39,85
2024-01-19,WN,N717WN,1174,MDW,ATL,1755,1814,1940,1959,0,,19,19,105
2024-01-19,WN,N717WN,1175,ATL,MDW,2010,2046,2155,2231,0,,36,36,105
2024-01-19,WN,N718WN,1180,MDW,DAL,0530,0610,0720,0800,0,,40,40,110
2024-01-19,WN,N718WN,1181,DAL,MDW,0750,0831,0940,1021,0,,41,41,110
2024-01-19,WN,N718WN,1182,MDW,DAL,1010,1028,1200,1218,0,,18,18,110
2024-01-19,WN,N718WN,1183,DAL,MDW,1230,1230,1420,1420,0,,0,0,110
2024-01-19,WN,N718WN,1184,MDW,BNA,1450,1454,1610,1614,0,,4,4,80
2024-01-19,WN,N718WN,1185,BNA,MDW,1640,1640,1800,1800,0,,0,0,80
2024-01-19,WN,N719WN,1190,MDW,ATL,0545,0551,0730,0736,0,,6,6,105
2024-01-19,WN,N719WN,1191,ATL,MDW,0800,0802,0945,0947,0,,2,2,105
2024-01-19,WN,N719WN,1192,MDW,ATL,1015,1015,1200,1200,0,,0,0,105
2024-01-19,WN,N719WN,1193,ATL,MDW,1230,1252,1415,1437,0,,22,22,105
2024-01-19,WN,N719WN,1194,MDW,BNA,1445,1503,1605,1623,0,,18,18,80
2024-01-19,WN,N719WN,1195,BNA,MDW,1635,1701,1755,1821,0,,26,26,80
2024-01-19,WN,N720WN,1200,MDW,STL,0630,0705,0735,0810,0,,35,35,65
2024-01-19,WN,N720WN,1201,STL,MDW,0805,0805,0910,0910,0,,0,0,65
2024-01-19,WN,N720WN,1202,MDW,STL,0940,0949,1045,1054,0,,9,9,65
2024-01-19,WN,N720WN,1203,STL,MDW,1115,1115,1220,1220,0,,0,0,65
2024-01-19,WN,N720WN,1204,MDW,DEN,1250,1250,1510,1510,0,,0,0,140
2024-01-19,WN,N720WN,1205,DEN,MDW,1540,1540,1800,1800,0,,0,0,140
2024-01-19,WN,N721WN,1210,MDW,STL,0715,0715,0820,0820,0,,0,0,65
2024-01-19,WN,N721WN,1211,STL,MDW,0850,0904,0955,1009,0,,14,14,65
2024-01-19,WN,N721WN,1212,MDW,LAS,1025,1101,1350,1426,0,,36,36,205
2024-01-19,WN,N721WN,1213,LAS,MDW,1420,1438,1745,1803,0,,18,18,205
2024-01-19,WN,N721WN,1214,MDW,ATL,1815,1833,2000,2018,0,,18,18,105
2024-01-19,WN,N721WN,1215,ATL,MDW,2030,2030,2215,2215,0,,0,0,105
2024-01-20,WN,N700WN,1000,MDW,ATL,0545,0627,0730,0812,0,,42,42,105
2024-01-20,WN,N700WN,1001,ATL,MDW,0800,0800,0945,0945,0,,0,0,105
2024-01-20,WN,N700WN,1002,MDW,PHX,1015,1025,1330,1340,0,,10,10,195
2024-01-20,WN,N700WN,1003,PHX,MDW,1400,1434,1715,1749,0,,34,34,195
2024-01-20,WN,N700WN,1004,MDW,BNA,1745,1745,1905,1905,0,,0,0,80
2024-01-20,WN,N700WN,1005,BNA,MDW,1935,1950,2055,2110,0,,15,15,80
2024-01-20,WN,N701WN,1010,MDW,DAL,0530,0555,0720,0745,0,,25,25,110
2024-01-20,WN,N701WN,1011,DAL,MDW,0750,0824,0940,1014,0,,34,34,110
2024-01-20,WN,N701WN,1012,MDW,ATL,1010,1052,1155,1237,0,,42,42,105
2024-01-20,WN,N701WN,1013,ATL,MDW,1225,1227,1410,1412,0,,2,2,105
2024-01-20,WN,N701WN,1014,MDW,PHX,1440,1512,1755,1827,0,,32,32,195
2024-01-20,WN,N701WN,1015,PHX,MDW,1825,1900,2140,2215,0,,35,35,195
2024-01-20,WN,N702WN,1020,MDW,DAL,0700,0707,0850,0857,0,,7,7,110
2024-01-20,WN,N702WN,1021,DAL,MDW,0920,0920,1110,1110,0,,0,0,110
2024-01-20,WN,N702WN,1022,MDW,DEN,1140,1140,1400,1400,0,,0,0,140
2024-01-20,WN,N702WN,1023,DEN,MDW,1430,1455,1650,1715,0,,25,25,140
2024-01-20,WN,N702WN,1024,MDW,STL,1720,1728,1825,1833,0,,8,8,65
2024-01-20,WN,N702WN,1025,STL,MDW,1855,1935,2000,2040,0,,40,40,65
2024-01-20,WN,N703WN,1030,MDW,ATL,0715,0810,0900,0955,0,,55,55,105
2024-01-20,WN,N703WN,1031,ATL,MDW,0930,0951,1115,1136,0,,21,21,105
2024-01-20,WN,N703WN,1032,MDW,BNA,1145,1149,1305,1309,0,,4,4,80
2024-01-20,WN,N703WN,1033,BNA,MDW,1335,1335,1455,1455,0,,0,0,80
2024-01-20,WN,N703WN,1034,MDW,BNA,1525,1544,1645,1704,0,,19,19,80
2024-01-20,WN,N703WN,1035,BNA,MDW,1715,1806,1835,1926,0,,51,51,80
2024-01-20,WN,N704WN,1040,MDW,STL,0615,0653,0720,0758,0,,38,38,65
2024-01-20,WN,N704WN,1041,STL,MDW,0750,0805,0855,0910,0,,15,15,65
2024-01-20,WN,N704WN,1042,MDW,MCI,0925,0925,1050,1050,0,,0,0,85
2024-01-20,WN,N704WN,1043,MCI,MDW,1120,1144,1245,1309,0,,24,24,85
2024-01-20,WN,N704WN,1044,MDW,ATL,1315,1315,1500,1500,0,,0,0,105
2024-01-20,WN,N704WN,1045,ATL,MDW,1530,1530,1715,1715,0,,0,0,105
2024-01-20,WN,N705WN,1050,MDW,ATL,0615,0629,0800,0814,0,,14,14,105
2024-01-20,WN,N705WN,1051,ATL,MDW,0830,0910,1015,1055,0,,40,40,105
2024-01-20,WN,N705WN,1052,MDW,PHX,1045,1137,1400,1452,0,,52,52,195
2024-01-20,WN,N705WN,1053,PHX,MDW,1430,1445,1745,1800,0,,15,15,195
2024-01-20,WN,N705WN,1054,MDW,PHX,1815,1815,2130,2130,0,,0,0,195
2024-01-20,WN,N705WN,1055,PHX,MDW,2200,2226,0115,0141,0,,26,26,195
2024-01-20,WN,N706WN,1060,MDW,BNA,0545,0628,0705,0748,0,,43,43,80
2024-01-20,WN,N706WN,1061,BNA,MDW,0735,0755,0855,0915,0,,20,20,80
2024-01-20,WN,N706WN,1062,MDW,LAS,0925,0952,1250,1317,0,,27,27,205
2024-01-20,WN,N706WN,1063,LAS,MDW,1320,1353,1645,1718,0,,33,33,205
2024-01-20,WN,N706WN,1064,MDW,ATL,1715,1721,1900,1906,0,,6,6,105
2024-01-20,WN,N706WN,1065,ATL,MDW,1930,1936,2115,2121,0,,6,6,105
2024-01-20,WN,N707WN,1070,MDW,LAS,0545,0545,0910,0910,0,,0,0,205
2024-01-20,WN,N707WN,1071,LAS,MDW,0940,0955,1305,1320,0,,15,15,205
2024-01-20,WN,N707WN,1072,MDW,DEN,1335,1352,1555,1612,0,,17,17,140
2024-01-20,WN,N707WN,1073,DEN,MDW,1625,1625,1845,1845,0,,0,0,140
2024-01-20,WN,N707WN,1074,MDW,DEN,1915,1955,2135,2215,0,,40,40,140
2024-01-20,WN,N707WN,1075,DEN,MDW,2205,2223,0025,0043,0,,18,18,140
2024-01-20,WN,N708WN,1080,MDW,ATL,0615,0647,0800,0832,0,,32,32,105
2024-01-20,WN,N708WN,1081,ATL,MDW,0830,0830,1015,1015,0,,0,0,105
2024-01-20,WN,N708WN,1082,MDW,MCI,1045,1045,1210,1210,0,,0,0,85
2024-01-20,WN,N708WN,1083,MCI,MDW,1240,1252,1405,1417,0,,12,12,85
2024-01-20,WN,N708WN,1084,MDW,STL,1435,1435,1540,1540,0,,0,0,65
2024-01-20,WN,N708WN,1085,STL,MDW,1610,1628,1715,1733,0,,18,18,65
2024-01-20,WN,N709WN,1090,MDW,PHX,0700,0700,1015,1015,0,,0,0,195
2024-01-20,WN,N709WN,1091,PHX,MDW,1045,1045,1400,1400,0,,0,0,195
2024-01-20,WN,N709WN,1092,MDW,DEN,1430,1435,1650,1655,0,,5,5,140
2024-01-20,WN,N709WN,1093,DEN,MDW,1720,1734,1940,1954,0,,14,14,140
2024-01-20,WN,N709WN,1094,MDW,PHX,2010,2035,2325,2350,0,,25,25,195
2024-01-20,WN,N709WN,1095,PHX,MDW,2355,2355,0310,0310,0,,0,0,195
2024-01-20,WN,N710WN,1100,MDW,DAL,0600,0609,0750,0759,0,,9,9,110
2024-01-20,WN,N710WN,1101,DAL,MDW,0820,0904,1010,1054,0,,44,44,110
2024-01-20,WN,N710WN,1102,MDW,STL,1040,1055,1145,1200,0,,15,15,65
2024-01-20,WN,N710WN,1103,STL,MDW,1215,1215,1320,1320,0,,0,0,65
2024-01-20,WN,N710WN,1104,MDW,PHX,1350,1415,1705,1730,0,,25,25,195
2024-01-20,WN,N710WN,1105,PHX,MDW,1735,1752,2050,2107,0,,17,17,195
2024-01-20,WN,N711WN,1110,MDW,LAS,0700,0720,1025,1045,0,,20,20,205
2024-01-20,WN,N711WN,1111,LAS,MDW,1055,1101,1420,1426,0,,6,6,205
2024-01-20,WN,N711WN,1112,MDW,DAL,1450,1453,1640,1643,0,,3,3,110
2024-01-20,WN,N711WN,1113,DAL,MDW,1710,1726,1900,1916,0,,16,16,110
2024-01-20,WN,N711WN,1114,MDW,LAS,1930,2001,2255,2326,0,,31,31,205
2024-01-20,WN,N711WN,1115,LAS,MDW,2325,2353,0250,0318,0,,28,28,205
2024-01-20,WN,N712WN,1120,MDW,DEN,0615,0615,0835,0835,0,,0,0,140
2024-01-20,WN,N712WN,1121,DEN,MDW,0905,0940,1125,1200,0,,35,35,140
2024-01-20,WN,N712WN,1122,MDW,BNA,1155,1239,1315,1359,0,,44,44,80
2024-01-20,WN,N712WN,1123,BNA,MDW,1345,1354,1505,1514,0,,9,9,80
2024-01-20,WN,N712WN,1124,MDW,ATL,1535,1615,1720,1800,0,,40,40,105
2024-01-20,WN,N712WN,1125,ATL,MDW,1750,1857,1935,2042,0,,67,67,105
2024-01-20,WN,N713WN,1130,MDW,STL,0600,0600,0705,0705,0,,0,0,65
2024-01-20,WN,N713WN,1131,STL,MDW,0735,0818,0840,0923,0,,43,43,65
2024-01-20,WN,N713WN,1132,MDW,BNA,0910,0910,1030,1030,0,,0,0,80
2024-01-20,WN,N713WN,1133,BNA,MDW,1100,1106,1220,1226,0,,6,6,80
2024-01-20,WN,N713WN,1134,MDW,STL,1250,1303,1355,1408,0,,13,13,65
2024-01-20,WN,N713WN,1135,STL,MDW,1425,1429,1530,1534,0,,4,4,65
2024-01-20,WN,N714WN,1140,MDW,ATL,0630,0630,0815,0815,0,,0,0,105
2024-01-20,WN,N714WN,1141,ATL,MDW,0845,0845,1030,1030,0,,0,0,105
2024-01-20,WN,N714WN,1142,MDW,DEN,1100,1127,1320,1347,0,,27,27,140
2024-01-20,WN,N714WN,1143,DEN,MDW,1350,1412,1610,1632,0,,22,22,140
2024-01-20,WN,N714WN,1144,MDW,ATL,1640,,1825,,1,A,,,105
2024-01-20,WN,N714WN,1145,ATL,MDW,1855,1855,2040,2040,0,,0,0,105
2024-01-20,WN,N715WN,1150,MDW,LAS,0530,0530,0855,0855,0,,0,0,205
2024-01-20,WN,N715WN,1151,LAS,MDW,0925,1009,1250,1334,0,,44,44,205
2024-01-20,WN,N715WN,1152,MDW,ATL,1320,1320,1505,1505,0,,0,0,105
2024-01-20,WN,N715WN,1153,ATL,MDW,1535,1538,1720,1723,0,,3,3,105
2024-01-20,WN,N715WN,1154,MDW,BNA,1750,1750,1910,1910,0,,0,0,80
2024-01-20,WN,N715WN,1155,BNA,MDW,1940,1940,2100,2100,0,,0,0,80
2024-01-20,WN,N716WN,1160,MDW,DEN,0630,0644,0850,0904,0,,14,14,140
2024-01-20,WN,N716WN,1161,DEN,MDW,0920,0920,1140,1140,0,,0,0,140
2024-01-20,WN,N716WN,1162,MDW,DEN,1210,1213,1430,1433,0,,3,3,140
2024-01-20,WN,N716WN,1163,DEN,MDW,1500,1526,1720,1746,0,,26,26,140
2024-01-20,WN,N716WN,1164,MDW,MCI,1750,1824,1915,1949,0,,34,34,85
2024-01-20,WN,N716WN,1165,MCI,MDW,1945,2014,2110,2139,0,,29,29,85
2024-01-20,WN,N717WN,1170,MDW,PHX,0545,0545,0900,0900,0,,0,0,195
2024-01-20,WN,N717WN,1171,PHX,MDW,0930,0934,1245,1249,0,,4,4,195
2024-01-20,WN,N717WN,1172,MDW,STL,1315,1322,1420,1427,0,,7,7,65
2024-01-20,WN,N717WN,1173,STL,MDW,1450,1450,1555,1555,0,,0,0,65
2024-01-20,WN,N717WN,1174,MDW,STL,1625,1637,1730,1742,0,,12,12,65
2024-01-20,WN,N717WN,1175,STL,MDW,1800,1800,1905,1905,0,,0,0,65
2024-01-20,WN,N718WN,1180,MDW,LAS,0530,0631,0855,0956,0,,61,61,205
2024-01-20,WN,N718WN,1181,LAS,MDW,0925,0925,1250,1250,0,,0,0,205
2024-01-20,WN,N718WN,1182,MDW,LAS,1320,1320,1645,1645,0,,0,0,205
2024-01-20,WN,N718WN,1183,LAS,MDW,1715,1753,2040,2118,0,,38,38,205
2024-01-20,WN,N718WN,1184,MDW,LAS,2110,2148,0035,0113,0,,38,38,205
2024-01-20,WN,N718WN,1185,LAS,MDW,0105,0105,0430,0430,0,,0,0,205
2024-01-20,WN,N719WN,1190,MDW,MCI,0530,0530,0655,0655,0,,0,0,85
2024-01-20,WN,N719WN,1191,MCI,MDW,0725,0725,0850,0850,0,,0,0,85
2024-01-20,WN,N719WN,1192,MDW,MCI,0920,1007,1045,1132,0,,47,47,85
2024-01-20,WN,N719WN,1193,MCI,MDW,1115,1115,1240,1240,0,,0,0,85
2024-01-20,WN,N719WN,1194,MDW,MCI,1310,1332,1435,1457,0,,22,22,85
2024-01-20,WN,N719WN,1195,MCI,MDW,1505,1505,1630,1630,0,,0,0,85
2024-01-20,WN,N720WN,1200,MDW,MCI,0600,0628,0725,0753,0,,28,28,85
2024-01-20,WN,N720WN,1201,MCI,MDW,0755,0819,0920,0944,0,,24,24,85
2024-01-20,WN,N720WN,1202,MDW,BNA,0950,1013,1110,1133,0,,23,23,80
2024-01-20,WN,N720WN,1203,BNA,MDW,1140,1140,1300,1300,0,,0,0,80
2024-01-20,WN,N720WN,1204,MDW,STL,1330,1330,1435,1435,0,,0,0,65
2024-01-20,WN,N720WN,1205,STL,MDW,1505,1505,1610,1610,0,,0,0,65
2024-01-20,WN,N721WN,1210,MDW,STL,0545,0600,0650,0705,0,,15,15,65
2024-01-20,WN,N721WN,1211,STL,MDW,0720,0721,0825,0826,0,,1,1,65
2024-01-20,WN,N721WN,1212,MDW,PHX,0855,0906,1210,1221,0,,11,11,195
2024-01-20,WN,N721WN,1213,PHX,MDW,1240,1305,1555,1620,0,,25,25,195
2024-01-20,WN,N721WN,1214,MDW,PHX,1625,1636,1940,1951,0,,11,11,195
2024-01-20,WN,N721WN,1215,PHX,MDW,2010,2030,2325,2345,0,,20,20,195
2024-01-21,WN,N700WN,1000,MDW,BNA,0545,0545,0705,0705,0,,0,0,80
2024-01-21,WN,N700WN,1001,BNA,MDW,0735,0735,0855,0855,0,,0,0,80
2024-01-21,WN,N700WN,1002,MDW,STL,0925,1016,1030,1121,0,,51,51,65
2024-01-21,WN,N700WN,1003,STL,MDW,1100,1100,1205,1205,0,,0,0,65
2024-01-21,WN,N700WN,1004,MDW,PHX,1235,1235,1550,1550,0,,0,0,195
2024-01-21,WN,N700WN,1005,PHX,MDW,1620,1620,1935,1935,0,,0,0,195
2024-01-21,WN,N701WN,1010,MDW,PHX,0645,0646,1000,1001,0,,1,1,195
2024-01-21,WN,N701WN,1011,PHX,MDW,1030,1035,1345,1350,0,,5,5,195
2024-01-21,WN,N701WN,1012,MDW,STL,1415,1420,1520,1525,0,,5,5,65
2024-01-21,WN,N701WN,1013,STL,MDW,1550,1554,1655,1659,0,,4,4,65
2024-01-21,WN,N701WN,1014,MDW,ATL,1725,1839,1910,2024,0,,74,74,105
2024-01-21,WN,N701WN,1015,ATL,MDW,1940,1940,2125,2125,0,,0,0,105
2024-01-21,WN,N702WN,1020,MDW,STL,0630,0630,0735,0735,0,,0,0,65
2024-01-21,WN,N702WN,1021,STL,MDW,0805,0805,0910,0910,0,,0,0,65
2024-01-21,WN,N702WN,1022,MDW,MCI,0940,0940,1105,1105,0,,0,0,85
2024-01-21,WN,N702WN,1023,MCI,MDW,1135,1151,1300,1316,0,,16,16,85
2024-01-21,WN,N702WN,1024,MDW,ATL,1330,1400,1515,1545,0,,30,30,105
2024-01-21,WN,N702WN,1025,ATL,MDW,1545,1553,1730,1738,0,,8,8,105
2024-01-21,WN,N703WN,1030,MDW,STL,0645,0733,0750,0838,0,,48,48,65
2024-01-21,WN,N703WN,1031,STL,MDW,0820,0822,0925,0927,0,,2,2,65
2024-01-21,WN,N703WN,1032,MDW,DAL,0955,0955,1145,1145,0,,0,0,110
2024-01-21,WN,N703WN,1033,DAL,MDW,1215,1220,1405,1410,0,,5,5,110
2024-01-21,WN,N703WN,1034,MDW,LAS,1435,1500,1800,1825,0,,25,25,205
2024-01-21,WN,N703WN,1035,LAS,MDW,1830,1913,2155,2238,0,,43,43,205
2024-01-21,WN,N704WN,1040,MDW,DEN,0530,0543,0750,0803,0,,13,13,140
2024-01-21,WN,N704WN,1041,DEN,MDW,0820,0846,1040,1106,0,,26,26,140
2024-01-21,WN,N704WN,1042,MDW,MCI,1110,1144,1235,1309,0,,34,34,85
2024-01-21,WN,N704WN,1043,MCI,MDW,1305,1305,1430,1430,0,,0,0,85
2024-01-21,WN,N704WN,1044,MDW,PHX,1500,1500,1815,1815,0,,0,0,195
2024-01-21,WN,N704WN,1045,PHX,MDW,1845,1922,2200,2237,0,,37,37,195
2024-01-21,WN,N705WN,1050,MDW,ATL,0545,0559,0730,0744,0,,14,14,105
2024-01-21,WN,N705WN,1051,ATL,MDW,0800,0819,0945,1004,0,,19,19,105
2024-01-21,WN,N705WN,1052,MDW,LAS,1015,1020,1340,1345,0,,5,5,205
2024-01-21,WN,N705WN,1053,LAS,MDW,1410,1413,1735,1738,0,,3,3,205
2024-01-21,WN,N705WN,1054,MDW,LAS,1805,1805,2130,2130,0,,0,0,205
2024-01-21,WN,N705WN,1055,LAS,MDW,2200,2209,0125,0134,0,,9,9,205
2024-01-21,WN,N706WN,1060,MDW,DEN,0630,0639,0850,0859,0,,9,9,140
2024-01-21,WN,N706WN,1061,DEN,MDW,0920,0946,1140,1206,0,,26,26,140
2024-01-21,WN,N706WN,1062,MDW,PHX,1210,1216,1525,1531,0,,6,6,195
2024-01-21,WN,N706WN,1063,PHX,MDW,1555,1617,1910,1932,0,,22,22,195
2024-01-21,WN,N706WN,1064,MDW,ATL,1940,2003,2125,2148,0,,23,23,105
2024-01-21,WN,N706WN,1065,ATL,MDW,2155,2222,2340,0007,0,,27,27,105
2024-01-21,WN,N707WN,1070,MDW,MCI,0545,0603,0710,0728,0,,18,18,85
2024-01-21,WN,N707WN,1071,MCI,MDW,0740,0742,0905,0907,0,,2,2,85
2024-01-21,WN,N707WN,1072,MDW,MCI,0935,0953,1100,1118,0,,18,18,85
2024-01-21,WN,N707WN,1073,MCI,MDW,1130,1137,1255,1302,0,,7,7,85
2024-01-21,WN,N707WN,1074,MDW,DAL,1325,1325,1515,1515,0,,0,0,110
2024-01-21,WN,N707WN,1075,DAL,MDW,1545,1552,1735,1742,0,,7,7,110
2024-01-21,WN,N708WN,1080,MDW,PHX,0700,0700,1015,1015,0,,0,0,195
2024-01-21,WN,N708WN,1081,PHX,MDW,1045,1108,1400,1423,0,,23,23,195
2024-01-21,WN,N708WN,1082,MDW,STL,1430,1430,1535,1535,0,,0,0,65
2024-01-21,WN,N708WN,1083,STL,MDW,1605,1655,1710,1800,0,,50,50,65
2024-01-21,WN,N708WN,1084,MDW,ATL,1740,1748,1925,1933,0,,8,8,105
2024-01-21,WN,N708WN,1085,ATL,MDW,1955,1959,2140,2144,0,,4,4,105
2024-01-21,WN,N709WN,1090,MDW,DAL,0715,0715,0905,0905,0,,0,0,110
2024-01-21,WN,N709WN,1091,DAL,MDW,0935,0935,1125,1125,0,,0,0,110
2024-01-21,WN,N709WN,1092,MDW,PHX,1155,1215,1510,1530,0,,20,20,195
2024-01-21,WN,N709WN,1093,PHX,MDW,1540,1540,1855,1855,0,,0,0,195
2024-01-21,WN,N709WN,1094,MDW,ATL,1925,1951,2110,2136,0,,26,26,105
2024-01-21,WN,N709WN,1095,ATL,MDW,2140,2203,2325,2348,0,,23,23,105
2024-01-21,WN,N710WN,1100,MDW,STL,0600,0600,0705,0705,0,,0,0,65
2024-01-21,WN,N710WN,1101,STL,MDW,0735,0735,0840,0840,0,,0,0,65
2024-01-21,WN,N710WN,1102,MDW,DEN,0910,0940,1130,1200,0,,30,30,140
2024-01-21,WN,N710WN,1103,DEN,MDW,1200,1200,1420,1420,0,,0,0,140
2024-01-21,WN,N710WN,1104,MDW,STL,1450,1456,1555,1601,0,,6,6,65
2024-01-21,WN,N710WN,1105,STL,MDW,1625,1626,1730,1731,0,,1,1,65
2024-01-21,WN,N711WN,1110,MDW,STL,0715,0715,0820,0820,0,,0,0,65
2024-01-21,WN,N711WN,1111,STL,MDW,0850,0859,0955,1004,0,,9,9,65
2024-01-21,WN,N711WN,1112,MDW,ATL,1025,1057,1210,1242,0,,32,32,105
2024-01-21,WN,N711WN,1113,ATL,MDW,1240,1253,1425,1438,0,,13,13,105
2024-01-21,WN,N711WN,1114,MDW,ATL,1455,1455,1640,1640,0,,0,0,105
2024-01-21,WN,N711WN,1115,ATL,MDW,1710,1710,1855,1855,0,,0,0,105
2024-01-21,WN,N712WN,1120,MDW,LAS,0545,0545,0910,0910,0,,0,0,205
2024-01-21,WN,N712WN,1121,LAS,MDW,0940,0959,1305,1324,0,,19,19,205
2024-01-21,WN,N712WN,1122,MDW,LAS,1335,1335,1700,1700,0,,0,0,205
2024-01-21,WN,N712WN,1123,LAS,MDW,1730,1747,2055,2112,0,,17,17,205
2024-01-21,WN,N712WN,1124,MDW,ATL,2125,2125,2310,2310,0,,0,0,105
2024-01-21,WN,N712WN,1125,ATL,MDW,2340,2346,0125,0131,0,,6,6,105
2024-01-21,WN,N713WN,1130,MDW,ATL,0615,0615,0800,0800,0,,0,0,105
2024-01-21,WN,N713WN,1131,ATL,MDW,0830,0830,1015,1015,0,,0,0,105
2024-01-21,WN,N713WN,1132,MDW,STL,1045,1143,1150,1248,0,,58,58,65
2024-01-21,WN,N713WN,1133,STL,MDW,1220,1220,1325,1325,0,,0,0,65
2024-01-21,WN,N713WN,1134,MDW,STL,1355,1418,1500,1523,0,,23,23,65
2024-01-21,WN,N713WN,1135,STL,MDW,1530,1557,1635,1702,0,,27,27,65
2024-01-21,WN,N714WN,1140,MDW,PHX,0530,0530,0845,0845,0,,0,0,195
2024-01-21,WN,N714WN,1141,PHX,MDW,0915,0915,1230,1230,0,,0,0,195
2024-01-21,WN,N714WN,1142,MDW,DAL,1300,1300,1450,1450,0,,0,0,110
2024-01-21,WN,N714WN,1143,DAL,MDW,1520,1520,1710,1710,0,,0,0,110
2024-01-21,WN,N714WN,1144,MDW,BNA,1740,1759,1900,1919,0,,19,19,80
2024-01-21,WN,N714WN,1145,BNA,MDW,1930,1930,2050,2050,0,,0,0,80
2024-01-21,WN,N715WN,1150,MDW,STL,0615,0645,0720,0750,0,,30,30,65
2024-01-21,WN,N715WN,1151,STL,MDW,0750,0750,0855,0855,0,,0,0,65
2024-01-21,WN,N715WN,1152,MDW,DEN,0925,1040,1145,1300,0,,75,75,140
2024-01-21,WN,N715WN,1153,DEN,MDW,1215,1237,1435,1457,0,,22,22,140
2024-01-21,WN,N715WN,1154,MDW,DEN,1505,1505,1725,1725,0,,0,0,140
2024-01-21,WN,N715WN,1155,DEN,MDW,1755,1755,2015,2015,0,,0,0,140
2024-01-21,WN,N716WN,1160,MDW,LAS,0545,0620,0910,0945,0,,35,35,205
2024-01-21,WN,N716WN,1161,LAS,MDW,0940,1013,1305,1338,0,,33,33,205
2024-01-21,WN,N716WN,1162,MDW,BNA,1335,1335,1455,1455,0,,0,0,80
2024-01-21,WN,N716WN,1163,BNA,MDW,1525,1525,1645,1645,0,,0,0,80
2024-01-21,WN,N716WN,1164,MDW,MCI,1715,1746,1840,1911,0,,31,31,85
2024-01-21,WN,N716WN,1165,MCI,MDW,1910,1946,2035,2111,0,,36,36,85
2024-01-21,WN,N717WN,1170,MDW,DEN,0600,0618,0820,0838,0,,18,18,140
2024-01-21,WN,N717WN,1171,DEN,MDW,0850,0850,1110,1110,0,,0,0,140
2024-01-21,WN,N717WN,1172,MDW,BNA,1140,1140,1300,1300,0,,0,0,80
2024-01-21,WN,N717WN,1173,BNA,MDW,1330,1330,1450,1450,0,,0,0,80
2024-01-21,WN,N717WN,1174,MDW,STL,1520,1520,1625,1625,0,,0,0,65
2024-01-21,WN,N717WN,1175,STL,MDW,1655,1655,1800,1800,0,,0,0,65
2024-01-21,WN,N718WN,1180,MDW,BNA,0600,0636,0720,0756,0,,36,36,80
2024-01-21,WN,N718WN,1181,BNA,MDW,0750,0750,0910,0910,0,,0,0,80
2024-01-21,WN,N718WN,1182,MDW,STL,0940,0941,1045,1046,0,,1,1,65
2024-01-21,WN,N718WN,1183,STL,MDW,1115,1147,1220,1252,0,,32,32,65
2024-01-21,WN,N718WN,1184,MDW,MCI,1250,1316,1415,1441,0,,26,26,85
2024-01-21,WN,N718WN,1185,MCI,MDW,1445,1445,1610,1610,0,,0,0,85
2024-01-21,WN,N719WN,1190,MDW,DAL,0715,0715,0905,0905,0,,0,0,110
2024-01-21,WN,N719WN,1191,DAL,MDW,0935,0949,1125,1139,0,,14,14,110
2024-01-21,WN,N719WN,1192,MDW,BNA,1155,1212,1315,1332,0,,17,17,80
2024-01-21,WN,N719WN,1193,BNA,MDW,1345,1345,1505,1505,0,,0,0,80
2024-01-21,WN,N719WN,1194,MDW,ATL,1535,1535,1720,1720,0,,0,0,105
2024-01-21,WN,N719WN,1195,ATL,MDW,1750,1759,1935,1944,0,,9,9,105
2024-01-21,WN,N720WN,1200,MDW,DEN,0715,0749,0935,1009,0,,34,34,140
2024-01-21,WN,N720WN,1201,DEN,MDW,1005,1020,1225,1240,0,,15,15,140
2024-01-21,WN,N720WN,1202,MDW,PHX,1255,1333,1610,1648,0,,38,38,195
2024-01-21,WN,N720WN,1203,PHX,MDW,1640,1649,1955,2004,0,,9,9,195
2024-01-21,WN,N720WN,1204,MDW,LAS,2025,2049,2350,0014,0,,24,24,205
2024-01-21,WN,N720WN,1205,LAS,MDW,0020,0020,0345,0345,0,,0,0,205
2024-01-21,WN,N721WN,1210,MDW,MCI,0700,0700,0825,0825,0,,0,0,85
2024-01-21,WN,N721WN,1211,MCI,MDW,0855,0855,1020,1020,0,,0,0,85
2024-01-21,WN,N721WN,1212,MDW,MCI,1050,1140,1215,1305,0,,50,50,85
2024-01-21,WN,N721WN,1213,MCI,MDW,1245,1245,1410,1410,0,,0,0,85
2024-01-21,WN,N721WN,1214,MDW,DEN,1440,1442,1700,1702,0,,2,2,140
2024-01-21,WN,N721WN,1215,DEN,MDW,1730,1801,1950,2021,0,,31,31,140
